case_id;activity;timestamp;resource;nama_barang;kategori;lokasi_gudang;harga_beli;stok;harga_jual;margin_persen
BRG-0001;Pesan Barang ke Pemasok;2025-10-16 03.20.00;CV Maju Bersama;Switch 24 Port;Peralatan Jaringan;Gudang Cabang (Medan);7.700.000;;;
BRG-0001;Terima Barang di Gudang;2025-10-19 20.20.00;Gudang Cabang (Medan);Switch 24 Port;Peralatan Jaringan;Gudang Cabang (Medan);;331;;
BRG-0001;Tetapkan Harga Jual;2025-10-21 09.20.00;Admin Penjualan;Switch 24 Port;Peralatan Jaringan;Gudang Cabang (Medan);;;9.466.000;22,94
BRG-0001;Barang Siap Dijual;2025-10-21 14.20.00;Gudang Cabang (Medan);Switch 24 Port;Peralatan Jaringan;Gudang Cabang (Medan);;331;;
BRG-0002;Pesan Barang ke Pemasok;2025-10-05 05.10.00;PT Sinar Teknologi;Mouse Wireless Pro;Aksesoris Komputer;Gudang Cabang (Surabaya);5.125.000;;;
BRG-0002;Terima Barang di Gudang;2025-10-07 16.10.00;Gudang Cabang (Surabaya);Mouse Wireless Pro;Aksesoris Komputer;Gudang Cabang (Surabaya);;81;;
BRG-0002;Tetapkan Harga Jual;2025-10-09 14.10.00;Admin Penjualan;Mouse Wireless Pro;Aksesoris Komputer;Gudang Cabang (Surabaya);;;6.721.000;31,14
BRG-0002;Barang Siap Dijual;2025-10-09 22.10.00;Gudang Cabang (Surabaya);Mouse Wireless Pro;Aksesoris Komputer;Gudang Cabang (Surabaya);;81;;
BRG-0003;Pesan Barang ke Pemasok;2025-05-16 17.50.00;CV Mitra Jaya;Smart TV 43 Inch;Elektronik;Gudang Cabang (Semarang);6.250.000;;;
BRG-0003;Terima Barang di Gudang;2025-05-18 00.50.00;Gudang Cabang (Semarang);Smart TV 43 Inch;Elektronik;Gudang Cabang (Semarang);;21;;
BRG-0003;Tetapkan Harga Jual;2025-05-19 12.50.00;Admin Penjualan;Smart TV 43 Inch;Elektronik;Gudang Cabang (Semarang);;;7.596.000;21,54
BRG-0003;Barang Siap Dijual;2025-05-19 15.50.00;Gudang Cabang (Semarang);Smart TV 43 Inch;Elektronik;Gudang Cabang (Semarang);;21;;
BRG-0004;Pesan Barang ke Pemasok;2025-09-19 00.30.00;CV Maju Bersama;Monitor LED 24 Inch;Elektronik;Gudang Cabang (Makassar);1.250.000;;;
BRG-0004;Terima Barang di Gudang;2025-09-21 10.30.00;Gudang Cabang (Makassar);Monitor LED 24 Inch;Elektronik;Gudang Cabang (Makassar);;28;;
BRG-0004;Tetapkan Harga Jual;2025-09-21 15.30.00;Admin Penjualan;Monitor LED 24 Inch;Elektronik;Gudang Cabang (Makassar);;;1.646.000;31,71
BRG-0004;Barang Siap Dijual;2025-09-22 03.30.00;Gudang Cabang (Makassar);Monitor LED 24 Inch;Elektronik;Gudang Cabang (Makassar);;28;;
BRG-0005;Pesan Barang ke Pemasok;2025-09-15 12.10.00;CV Mitra Jaya;Monitor LED 24 Inch;Elektronik;Gudang Utama (Jakarta);5.175.000;;;
BRG-0005;Terima Barang di Gudang;2025-09-20 06.10.00;Gudang Utama (Jakarta);Monitor LED 24 Inch;Elektronik;Gudang Utama (Jakarta);;279;;
BRG-0005;Tetapkan Harga Jual;2025-09-21 19.10.00;Admin Penjualan;Monitor LED 24 Inch;Elektronik;Gudang Utama (Jakarta);;;6.741.000;30,27
BRG-0005;Barang Siap Dijual;2025-09-22 09.10.00;Gudang Utama (Jakarta);Monitor LED 24 Inch;Elektronik;Gudang Utama (Jakarta);;279;;
BRG-0006;Pesan Barang ke Pemasok;2025-08-25 08.20.00;PT Andalan Logistik;Printer LaserJet;Peralatan Kantor;Gudang Utama (Jakarta);14.450.000;;;
BRG-0006;Terima Barang di Gudang;2025-09-02 10.20.00;Gudang Utama (Jakarta);Printer LaserJet;Peralatan Kantor;Gudang Utama (Jakarta);;343;;
BRG-0006;Tetapkan Harga Jual;2025-09-03 14.20.00;Admin Penjualan;Printer LaserJet;Peralatan Kantor;Gudang Utama (Jakarta);;;16.896.000;16,93
BRG-0006;Barang Siap Dijual;2025-09-04 03.20.00;Gudang Utama (Jakarta);Printer LaserJet;Peralatan Kantor;Gudang Utama (Jakarta);;343;;
BRG-0007;Pesan Barang ke Pemasok;2025-07-25 13.00.00;CV Prima Elektronik;Smart TV 43 Inch;Elektronik;Gudang Cabang (Makassar);12.175.000;;;
BRG-0007;Terima Barang di Gudang;2025-08-01 15.00.00;Gudang Cabang (Makassar);Smart TV 43 Inch;Elektronik;Gudang Cabang (Makassar);;262;;
BRG-0007;Tetapkan Harga Jual;2025-08-01 17.00.00;Admin Penjualan;Smart TV 43 Inch;Elektronik;Gudang Cabang (Makassar);;;13.721.000;12,70
BRG-0007;Barang Siap Dijual;2025-08-01 23.00.00;Gudang Cabang (Makassar);Smart TV 43 Inch;Elektronik;Gudang Cabang (Makassar);;262;;
BRG-0008;Pesan Barang ke Pemasok;2025-04-07 08.20.00;CV Maju Bersama;DVR 16 Channel;Keamanan;Gudang Cabang (Semarang);12.825.000;;;
BRG-0008;Terima Barang di Gudang;2025-04-09 01.20.00;Gudang Cabang (Semarang);DVR 16 Channel;Keamanan;Gudang Cabang (Semarang);;44;;
BRG-0008;Tetapkan Harga Jual;2025-04-09 19.20.00;Admin Penjualan;DVR 16 Channel;Keamanan;Gudang Cabang (Semarang);;;15.750.000;22,81
BRG-0008;Barang Siap Dijual;2025-04-10 06.20.00;Gudang Cabang (Semarang);DVR 16 Channel;Keamanan;Gudang Cabang (Semarang);;44;;
BRG-0009;Pesan Barang ke Pemasok;2025-04-06 20.40.00;CV Maju Bersama;Monitor LED 24 Inch;Elektronik;Gudang Cabang (Bandung);1.825.000;;;
BRG-0009;Terima Barang di Gudang;2025-04-13 10.40.00;Gudang Cabang (Bandung);Monitor LED 24 Inch;Elektronik;Gudang Cabang (Bandung);;90;;
BRG-0009;Tetapkan Harga Jual;2025-04-14 13.40.00;Admin Penjualan;Monitor LED 24 Inch;Elektronik;Gudang Cabang (Bandung);;;2.310.000;26,56
BRG-0009;Barang Siap Dijual;2025-04-15 02.40.00;Gudang Cabang (Bandung);Monitor LED 24 Inch;Elektronik;Gudang Cabang (Bandung);;90;;
BRG-0010;Pesan Barang ke Pemasok;2025-01-07 01.50.00;PT Sinar Teknologi;Tablet 10 Inch;Elektronik;Gudang Cabang (Semarang);7.650.000;;;
BRG-0010;Terima Barang di Gudang;2025-01-10 19.50.00;Gudang Cabang (Semarang);Tablet 10 Inch;Elektronik;Gudang Cabang (Semarang);;107;;
BRG-0010;Tetapkan Harga Jual;2025-01-11 14.50.00;Admin Penjualan;Tablet 10 Inch;Elektronik;Gudang Cabang (Semarang);;;9.009.000;17,76
BRG-0010;Barang Siap Dijual;2025-01-11 23.50.00;Gudang Cabang (Semarang);Tablet 10 Inch;Elektronik;Gudang Cabang (Semarang);;107;;
BRG-0011;Pesan Barang ke Pemasok;2025-07-21 19.40.00;PT Global Persada;Keyboard Mechanical RGB;Aksesoris Komputer;Gudang Utama (Jakarta);3.850.000;;;
BRG-0011;Terima Barang di Gudang;2025-07-25 02.40.00;Gudang Utama (Jakarta);Keyboard Mechanical RGB;Aksesoris Komputer;Gudang Utama (Jakarta);;170;;
BRG-0011;Tetapkan Harga Jual;2025-07-26 19.40.00;Admin Penjualan;Keyboard Mechanical RGB;Aksesoris Komputer;Gudang Utama (Jakarta);;;4.969.000;29,06
BRG-0011;Barang Siap Dijual;2025-07-26 22.40.00;Gudang Utama (Jakarta);Keyboard Mechanical RGB;Aksesoris Komputer;Gudang Utama (Jakarta);;170;;
BRG-0012;Pesan Barang ke Pemasok;2025-03-30 20.50.00;CV Maju Bersama;Monitor LED 24 Inch;Elektronik;Gudang Cabang (Medan);6.950.000;;;
BRG-0012;Terima Barang di Gudang;2025-04-03 06.50.00;Gudang Cabang (Medan);Monitor LED 24 Inch;Elektronik;Gudang Cabang (Medan);;323;;
BRG-0012;Tetapkan Harga Jual;2025-04-05 04.50.00;Admin Penjualan;Monitor LED 24 Inch;Elektronik;Gudang Cabang (Medan);;;8.175.000;17,63
BRG-0012;Barang Siap Dijual;2025-04-05 19.50.00;Gudang Cabang (Medan);Monitor LED 24 Inch;Elektronik;Gudang Cabang (Medan);;323;;
BRG-0013;Pesan Barang ke Pemasok;2025-01-07 06.10.00;CV Sentral Niaga;Switch 24 Port;Peralatan Jaringan;Gudang Cabang (Makassar);7.800.000;;;
BRG-0013;Terima Barang di Gudang;2025-01-12 19.10.00;Gudang Cabang (Makassar);Switch 24 Port;Peralatan Jaringan;Gudang Cabang (Makassar);;39;;
BRG-0013;Tetapkan Harga Jual;2025-01-14 00.10.00;Admin Penjualan;Switch 24 Port;Peralatan Jaringan;Gudang Cabang (Makassar);;;9.287.000;19,06
BRG-0013;Barang Siap Dijual;2025-01-14 10.10.00;Gudang Cabang (Makassar);Switch 24 Port;Peralatan Jaringan;Gudang Cabang (Makassar);;39;;
BRG-0014;Pesan Barang ke Pemasok;2025-05-10 18.50.00;CV Mitra Jaya;Smart TV 43 Inch;Elektronik;Gudang Cabang (Makassar);10.050.000;;;
BRG-0014;Terima Barang di Gudang;2025-05-18 21.50.00;Gudang Cabang (Makassar);Smart TV 43 Inch;Elektronik;Gudang Cabang (Makassar);;206;;
BRG-0014;Tetapkan Harga Jual;2025-05-19 08.50.00;Admin Penjualan;Smart TV 43 Inch;Elektronik;Gudang Cabang (Makassar);;;11.191.000;11,35
BRG-0014;Barang Siap Dijual;2025-05-19 21.50.00;Gudang Cabang (Makassar);Smart TV 43 Inch;Elektronik;Gudang Cabang (Makassar);;206;;
BRG-0015;Pesan Barang ke Pemasok;2025-10-14 04.00.00;PT Andalan Logistik;Router AX3000;Peralatan Jaringan;Gudang Cabang (Bandung);12.200.000;;;
BRG-0015;Terima Barang di Gudang;2025-10-22 14.00.00;Gudang Cabang (Bandung);Router AX3000;Peralatan Jaringan;Gudang Cabang (Bandung);;49;;
BRG-0015;Tetapkan Harga Jual;2025-10-23 10.00.00;Admin Penjualan;Router AX3000;Peralatan Jaringan;Gudang Cabang (Bandung);;;14.579.000;19,50
BRG-0015;Barang Siap Dijual;2025-10-23 17.00.00;Gudang Cabang (Bandung);Router AX3000;Peralatan Jaringan;Gudang Cabang (Bandung);;49;;
BRG-0016;Pesan Barang ke Pemasok;2025-12-09 00.50.00;CV Mitra Jaya;Tablet 10 Inch;Elektronik;Gudang Cabang (Bandung);4.450.000;;;
BRG-0016;Terima Barang di Gudang;2025-12-14 07.50.00;Gudang Cabang (Bandung);Tablet 10 Inch;Elektronik;Gudang Cabang (Bandung);;34;;
BRG-0016;Tetapkan Harga Jual;2025-12-14 10.50.00;Admin Penjualan;Tablet 10 Inch;Elektronik;Gudang Cabang (Bandung);;;5.122.000;15,11
BRG-0016;Barang Siap Dijual;2025-12-15 00.50.00;Gudang Cabang (Bandung);Tablet 10 Inch;Elektronik;Gudang Cabang (Bandung);;34;;
BRG-0017;Pesan Barang ke Pemasok;2025-08-23 13.20.00;CV Prima Elektronik;Access Point WiFi 6;Peralatan Jaringan;Gudang Cabang (Makassar);8.375.000;;;
BRG-0017;Terima Barang di Gudang;2025-09-01 07.20.00;Gudang Cabang (Makassar);Access Point WiFi 6;Peralatan Jaringan;Gudang Cabang (Makassar);;100;;
BRG-0017;Tetapkan Harga Jual;2025-09-01 22.20.00;Admin Penjualan;Access Point WiFi 6;Peralatan Jaringan;Gudang Cabang (Makassar);;;10.597.000;26,53
BRG-0017;Barang Siap Dijual;2025-09-02 03.20.00;Gudang Cabang (Makassar);Access Point WiFi 6;Peralatan Jaringan;Gudang Cabang (Makassar);;100;;
BRG-0018;Pesan Barang ke Pemasok;2025-11-28 17.10.00;CV Prima Elektronik;Scanner Dokumen A4;Peralatan Kantor;Gudang Utama (Jakarta);12.925.000;;;
BRG-0018;Terima Barang di Gudang;2025-12-04 11.10.00;Gudang Utama (Jakarta);Scanner Dokumen A4;Peralatan Kantor;Gudang Utama (Jakarta);;113;;
BRG-0018;Tetapkan Harga Jual;2025-12-04 20.10.00;Admin Penjualan;Scanner Dokumen A4;Peralatan Kantor;Gudang Utama (Jakarta);;;15.704.000;21,50
BRG-0018;Barang Siap Dijual;2025-12-05 01.10.00;Gudang Utama (Jakarta);Scanner Dokumen A4;Peralatan Kantor;Gudang Utama (Jakarta);;113;;
BRG-0019;Pesan Barang ke Pemasok;2025-01-09 14.50.00;PT Global Persada;Router AX3000;Peralatan Jaringan;Gudang Cabang (Medan);7.425.000;;;
BRG-0019;Terima Barang di Gudang;2025-01-16 22.50.00;Gudang Cabang (Medan);Router AX3000;Peralatan Jaringan;Gudang Cabang (Medan);;118;;
BRG-0019;Tetapkan Harga Jual;2025-01-17 17.50.00;Admin Penjualan;Router AX3000;Peralatan Jaringan;Gudang Cabang (Medan);;;9.488.000;27,78
BRG-0019;Barang Siap Dijual;2025-01-17 19.50.00;Gudang Cabang (Medan);Router AX3000;Peralatan Jaringan;Gudang Cabang (Medan);;118;;
BRG-0020;Pesan Barang ke Pemasok;2025-05-09 17.50.00;CV Mitra Jaya;Mouse Wireless Pro;Aksesoris Komputer;Gudang Utama (Jakarta);5.275.000;;;
BRG-0020;Terima Barang di Gudang;2025-05-17 00.50.00;Gudang Utama (Jakarta);Mouse Wireless Pro;Aksesoris Komputer;Gudang Utama (Jakarta);;149;;
BRG-0020;Tetapkan Harga Jual;2025-05-18 02.50.00;Admin Penjualan;Mouse Wireless Pro;Aksesoris Komputer;Gudang Utama (Jakarta);;;6.538.000;23,95
BRG-0020;Barang Siap Dijual;2025-05-18 19.50.00;Gudang Utama (Jakarta);Mouse Wireless Pro;Aksesoris Komputer;Gudang Utama (Jakarta);;149;;
BRG-0021;Pesan Barang ke Pemasok;2025-07-29 17.30.00;PT Andalan Logistik;Scanner Dokumen A4;Peralatan Kantor;Gudang Cabang (Semarang);10.000.000;;;
BRG-0021;Terima Barang di Gudang;2025-08-06 00.30.00;Gudang Cabang (Semarang);Scanner Dokumen A4;Peralatan Kantor;Gudang Cabang (Semarang);;57;;
BRG-0021;Tetapkan Harga Jual;2025-08-06 18.30.00;Admin Penjualan;Scanner Dokumen A4;Peralatan Kantor;Gudang Cabang (Semarang);;;12.225.000;22,25
BRG-0021;Barang Siap Dijual;2025-08-07 11.30.00;Gudang Cabang (Semarang);Scanner Dokumen A4;Peralatan Kantor;Gudang Cabang (Semarang);;57;;
BRG-0022;Pesan Barang ke Pemasok;2025-12-20 16.30.00;CV Sentral Niaga;Tablet 10 Inch;Elektronik;Gudang Cabang (Makassar);12.050.000;;;
BRG-0022;Terima Barang di Gudang;2025-12-29 08.30.00;Gudang Cabang (Makassar);Tablet 10 Inch;Elektronik;Gudang Cabang (Makassar);;288;;
BRG-0022;Tetapkan Harga Jual;2025-12-30 04.30.00;Admin Penjualan;Tablet 10 Inch;Elektronik;Gudang Cabang (Makassar);;;13.554.000;12,48
BRG-0022;Barang Siap Dijual;2025-12-30 20.30.00;Gudang Cabang (Makassar);Tablet 10 Inch;Elektronik;Gudang Cabang (Makassar);;288;;
BRG-0023;Pesan Barang ke Pemasok;2025-12-17 17.40.00;CV Prima Elektronik;Tablet 10 Inch;Elektronik;Gudang Cabang (Makassar);1.825.000;;;
BRG-0023;Terima Barang di Gudang;2025-12-24 22.40.00;Gudang Cabang (Makassar);Tablet 10 Inch;Elektronik;Gudang Cabang (Makassar);;96;;
BRG-0023;Tetapkan Harga Jual;2025-12-25 02.40.00;Admin Penjualan;Tablet 10 Inch;Elektronik;Gudang Cabang (Makassar);;;2.147.000;17,67
BRG-0023;Barang Siap Dijual;2025-12-25 19.40.00;Gudang Cabang (Makassar);Tablet 10 Inch;Elektronik;Gudang Cabang (Makassar);;96;;
BRG-0024;Pesan Barang ke Pemasok;2025-03-31 08.50.00;PT Global Persada;Kulkas 2 Pintu;Peralatan Rumah Tangga;Gudang Cabang (Medan);1.875.000;;;
BRG-0024;Terima Barang di Gudang;2025-04-04 12.50.00;Gudang Cabang (Medan);Kulkas 2 Pintu;Peralatan Rumah Tangga;Gudang Cabang (Medan);;81;;
BRG-0024;Tetapkan Harga Jual;2025-04-06 04.50.00;Admin Penjualan;Kulkas 2 Pintu;Peralatan Rumah Tangga;Gudang Cabang (Medan);;;2.252.000;20,09
BRG-0024;Barang Siap Dijual;2025-04-06 22.50.00;Gudang Cabang (Medan);Kulkas 2 Pintu;Peralatan Rumah Tangga;Gudang Cabang (Medan);;81;;
BRG-0025;Pesan Barang ke Pemasok;2025-01-13 15.50.00;CV Maju Bersama;Access Point WiFi 6;Peralatan Jaringan;Gudang Cabang (Makassar);3.350.000;;;
BRG-0025;Terima Barang di Gudang;2025-01-17 08.50.00;Gudang Cabang (Makassar);Access Point WiFi 6;Peralatan Jaringan;Gudang Cabang (Makassar);;194;;
BRG-0025;Tetapkan Harga Jual;2025-01-18 23.50.00;Admin Penjualan;Access Point WiFi 6;Peralatan Jaringan;Gudang Cabang (Makassar);;;3.940.000;17,61
BRG-0025;Barang Siap Dijual;2025-01-19 06.50.00;Gudang Cabang (Makassar);Access Point WiFi 6;Peralatan Jaringan;Gudang Cabang (Makassar);;194;;
BRG-0026;Pesan Barang ke Pemasok;2025-04-19 06.20.00;PT Sinar Teknologi;Speaker Bluetooth;Elektronik;Gudang Cabang (Surabaya);10.325.000;;;
BRG-0026;Terima Barang di Gudang;2025-04-21 15.20.00;Gudang Cabang (Surabaya);Speaker Bluetooth;Elektronik;Gudang Cabang (Surabaya);;79;;
BRG-0026;Tetapkan Harga Jual;2025-04-22 12.20.00;Admin Penjualan;Speaker Bluetooth;Elektronik;Gudang Cabang (Surabaya);;;12.178.000;17,95
BRG-0026;Barang Siap Dijual;2025-04-22 17.20.00;Gudang Cabang (Surabaya);Speaker Bluetooth;Elektronik;Gudang Cabang (Surabaya);;79;;
BRG-0027;Pesan Barang ke Pemasok;2025-11-22 11.00.00;PT Sinar Teknologi;Speaker Bluetooth;Elektronik;Gudang Cabang (Medan);10.900.000;;;
BRG-0027;Terima Barang di Gudang;2025-11-24 19.00.00;Gudang Cabang (Medan);Speaker Bluetooth;Elektronik;Gudang Cabang (Medan);;20;;
BRG-0027;Tetapkan Harga Jual;2025-11-25 17.00.00;Admin Penjualan;Speaker Bluetooth;Elektronik;Gudang Cabang (Medan);;;12.513.000;14,80
BRG-0027;Barang Siap Dijual;2025-11-26 07.00.00;Gudang Cabang (Medan);Speaker Bluetooth;Elektronik;Gudang Cabang (Medan);;20;;
BRG-0028;Pesan Barang ke Pemasok;2025-01-11 14.00.00;CV Berkah Komputer;Router AX3000;Peralatan Jaringan;Gudang Cabang (Semarang);4.650.000;;;
BRG-0028;Terima Barang di Gudang;2025-01-18 07.00.00;Gudang Cabang (Semarang);Router AX3000;Peralatan Jaringan;Gudang Cabang (Semarang);;334;;
BRG-0028;Tetapkan Harga Jual;2025-01-19 16.00.00;Admin Penjualan;Router AX3000;Peralatan Jaringan;Gudang Cabang (Semarang);;;5.046.000;8,52
BRG-0028;Barang Siap Dijual;2025-01-20 02.00.00;Gudang Cabang (Semarang);Router AX3000;Peralatan Jaringan;Gudang Cabang (Semarang);;334;;
BRG-0029;Pesan Barang ke Pemasok;2025-01-05 12.00.00;PT Global Persada;Scanner Dokumen A4;Peralatan Kantor;Gudang Cabang (Makassar);1.025.000;;;
BRG-0029;Terima Barang di Gudang;2025-01-09 02.00.00;Gudang Cabang (Makassar);Scanner Dokumen A4;Peralatan Kantor;Gudang Cabang (Makassar);;226;;
BRG-0029;Tetapkan Harga Jual;2025-01-10 05.00.00;Admin Penjualan;Scanner Dokumen A4;Peralatan Kantor;Gudang Cabang (Makassar);;;1.332.000;29,93
BRG-0029;Barang Siap Dijual;2025-01-10 12.00.00;Gudang Cabang (Makassar);Scanner Dokumen A4;Peralatan Kantor;Gudang Cabang (Makassar);;226;;
BRG-0030;Pesan Barang ke Pemasok;2025-06-06 18.50.00;CV Berkah Komputer;Mouse Wireless Pro;Aksesoris Komputer;Gudang Cabang (Semarang);10.100.000;;;
BRG-0030;Terima Barang di Gudang;2025-06-08 19.50.00;Gudang Cabang (Semarang);Mouse Wireless Pro;Aksesoris Komputer;Gudang Cabang (Semarang);;346;;
BRG-0030;Tetapkan Harga Jual;2025-06-10 02.50.00;Admin Penjualan;Mouse Wireless Pro;Aksesoris Komputer;Gudang Cabang (Semarang);;;12.680.000;25,54
BRG-0030;Barang Siap Dijual;2025-06-10 15.50.00;Gudang Cabang (Semarang);Mouse Wireless Pro;Aksesoris Komputer;Gudang Cabang (Semarang);;346;;
BRG-0031;Pesan Barang ke Pemasok;2025-01-09 12.30.00;PT Andalan Logistik;Speaker Bluetooth;Elektronik;Gudang Utama (Jakarta);425.000;;;
BRG-0031;Terima Barang di Gudang;2025-01-18 00.30.00;Gudang Utama (Jakarta);Speaker Bluetooth;Elektronik;Gudang Utama (Jakarta);;335;;
BRG-0031;Tetapkan Harga Jual;2025-01-19 11.30.00;Admin Penjualan;Speaker Bluetooth;Elektronik;Gudang Utama (Jakarta);;;551.000;29,55
BRG-0031;Barang Siap Dijual;2025-01-19 15.30.00;Gudang Utama (Jakarta);Speaker Bluetooth;Elektronik;Gudang Utama (Jakarta);;335;;
BRG-0032;Pesan Barang ke Pemasok;2025-04-25 08.10.00;PT Nusantara Digital;Speaker Bluetooth;Elektronik;Gudang Cabang (Makassar);13.125.000;;;
BRG-0032;Terima Barang di Gudang;2025-04-27 16.10.00;Gudang Cabang (Makassar);Speaker Bluetooth;Elektronik;Gudang Cabang (Makassar);;113;;
BRG-0032;Tetapkan Harga Jual;2025-04-28 14.10.00;Admin Penjualan;Speaker Bluetooth;Elektronik;Gudang Cabang (Makassar);;;15.436.000;17,61
BRG-0032;Barang Siap Dijual;2025-04-28 18.10.00;Gudang Cabang (Makassar);Speaker Bluetooth;Elektronik;Gudang Cabang (Makassar);;113;;
BRG-0033;Pesan Barang ke Pemasok;2025-04-18 02.00.00;CV Mitra Jaya;Smart TV 43 Inch;Elektronik;Gudang Cabang (Makassar);6.375.000;;;
BRG-0033;Terima Barang di Gudang;2025-04-25 17.00.00;Gudang Cabang (Makassar);Smart TV 43 Inch;Elektronik;Gudang Cabang (Makassar);;326;;
BRG-0033;Tetapkan Harga Jual;2025-04-26 17.00.00;Admin Penjualan;Smart TV 43 Inch;Elektronik;Gudang Cabang (Makassar);;;8.015.000;25,73
BRG-0033;Barang Siap Dijual;2025-04-26 23.00.00;Gudang Cabang (Makassar);Smart TV 43 Inch;Elektronik;Gudang Cabang (Makassar);;326;;
BRG-0034;Pesan Barang ke Pemasok;2025-09-26 16.20.00;CV Prima Elektronik;Mouse Wireless Pro;Aksesoris Komputer;Gudang Cabang (Makassar);6.850.000;;;
BRG-0034;Terima Barang di Gudang;2025-10-02 10.20.00;Gudang Cabang (Makassar);Mouse Wireless Pro;Aksesoris Komputer;Gudang Cabang (Makassar);;20;;
BRG-0034;Tetapkan Harga Jual;2025-10-03 10.20.00;Admin Penjualan;Mouse Wireless Pro;Aksesoris Komputer;Gudang Cabang (Makassar);;;7.501.000;9,50
BRG-0034;Barang Siap Dijual;2025-10-03 20.20.00;Gudang Cabang (Makassar);Mouse Wireless Pro;Aksesoris Komputer;Gudang Cabang (Makassar);;20;;
BRG-0035;Pesan Barang ke Pemasok;2025-09-09 07.10.00;CV Sentral Niaga;Monitor LED 24 Inch;Elektronik;Gudang Cabang (Makassar);275.000;;;
BRG-0035;Terima Barang di Gudang;2025-09-10 09.10.00;Gudang Cabang (Makassar);Monitor LED 24 Inch;Elektronik;Gudang Cabang (Makassar);;329;;
BRG-0035;Tetapkan Harga Jual;2025-09-11 08.10.00;Admin Penjualan;Monitor LED 24 Inch;Elektronik;Gudang Cabang (Makassar);;;359.000;30,38
BRG-0035;Barang Siap Dijual;2025-09-11 16.10.00;Gudang Cabang (Makassar);Monitor LED 24 Inch;Elektronik;Gudang Cabang (Makassar);;329;;
BRG-0036;Pesan Barang ke Pemasok;2025-06-28 16.30.00;PT Global Persada;Scanner Dokumen A4;Peralatan Kantor;Gudang Cabang (Semarang);1.875.000;;;
BRG-0036;Terima Barang di Gudang;2025-06-30 21.30.00;Gudang Cabang (Semarang);Scanner Dokumen A4;Peralatan Kantor;Gudang Cabang (Semarang);;240;;
BRG-0036;Tetapkan Harga Jual;2025-07-01 12.30.00;Admin Penjualan;Scanner Dokumen A4;Peralatan Kantor;Gudang Cabang (Semarang);;;2.078.000;10,81
BRG-0036;Barang Siap Dijual;2025-07-01 16.30.00;Gudang Cabang (Semarang);Scanner Dokumen A4;Peralatan Kantor;Gudang Cabang (Semarang);;240;;
BRG-0037;Pesan Barang ke Pemasok;2025-07-21 01.50.00;CV Sentral Niaga;Smartphone Pro;Elektronik;Gudang Cabang (Medan);1.600.000;;;
BRG-0037;Terima Barang di Gudang;2025-07-26 04.50.00;Gudang Cabang (Medan);Smartphone Pro;Elektronik;Gudang Cabang (Medan);;221;;
BRG-0037;Tetapkan Harga Jual;2025-07-27 20.50.00;Admin Penjualan;Smartphone Pro;Elektronik;Gudang Cabang (Medan);;;1.991.000;24,41
BRG-0037;Barang Siap Dijual;2025-07-28 07.50.00;Gudang Cabang (Medan);Smartphone Pro;Elektronik;Gudang Cabang (Medan);;221;;
BRG-0038;Pesan Barang ke Pemasok;2025-09-15 11.40.00;CV Prima Elektronik;Switch 24 Port;Peralatan Jaringan;Gudang Cabang (Semarang);1.600.000;;;
BRG-0038;Terima Barang di Gudang;2025-09-16 15.40.00;Gudang Cabang (Semarang);Switch 24 Port;Peralatan Jaringan;Gudang Cabang (Semarang);;346;;
BRG-0038;Tetapkan Harga Jual;2025-09-18 11.40.00;Admin Penjualan;Switch 24 Port;Peralatan Jaringan;Gudang Cabang (Semarang);;;1.809.000;13,06
BRG-0038;Barang Siap Dijual;2025-09-18 13.40.00;Gudang Cabang (Semarang);Switch 24 Port;Peralatan Jaringan;Gudang Cabang (Semarang);;346;;
BRG-0039;Pesan Barang ke Pemasok;2025-04-14 06.40.00;PT Andalan Logistik;Laptop Gaming X15;Elektronik;Gudang Utama (Jakarta);375.000;;;
BRG-0039;Terima Barang di Gudang;2025-04-15 12.40.00;Gudang Utama (Jakarta);Laptop Gaming X15;Elektronik;Gudang Utama (Jakarta);;331;;
BRG-0039;Tetapkan Harga Jual;2025-04-16 05.40.00;Admin Penjualan;Laptop Gaming X15;Elektronik;Gudang Utama (Jakarta);;;424.000;13,16
BRG-0039;Barang Siap Dijual;2025-04-16 16.40.00;Gudang Utama (Jakarta);Laptop Gaming X15;Elektronik;Gudang Utama (Jakarta);;331;;
BRG-0040;Pesan Barang ke Pemasok;2025-10-14 00.30.00;CV Prima Elektronik;Mouse Wireless Pro;Aksesoris Komputer;Gudang Cabang (Makassar);12.975.000;;;
BRG-0040;Terima Barang di Gudang;2025-10-21 08.30.00;Gudang Cabang (Makassar);Mouse Wireless Pro;Aksesoris Komputer;Gudang Cabang (Makassar);;213;;
BRG-0040;Tetapkan Harga Jual;2025-10-22 00.30.00;Admin Penjualan;Mouse Wireless Pro;Aksesoris Komputer;Gudang Cabang (Makassar);;;14.362.000;10,69
BRG-0040;Barang Siap Dijual;2025-10-22 06.30.00;Gudang Cabang (Makassar);Mouse Wireless Pro;Aksesoris Komputer;Gudang Cabang (Makassar);;213;;
BRG-0041;Pesan Barang ke Pemasok;2025-01-19 10.30.00;PT Sinar Teknologi;Tablet 10 Inch;Elektronik;Gudang Cabang (Surabaya);9.750.000;;;
BRG-0041;Terima Barang di Gudang;2025-01-23 13.30.00;Gudang Cabang (Surabaya);Tablet 10 Inch;Elektronik;Gudang Cabang (Surabaya);;284;;
BRG-0041;Tetapkan Harga Jual;2025-01-24 09.30.00;Admin Penjualan;Tablet 10 Inch;Elektronik;Gudang Cabang (Surabaya);;;11.301.000;15,91
BRG-0041;Barang Siap Dijual;2025-01-25 03.30.00;Gudang Cabang (Surabaya);Tablet 10 Inch;Elektronik;Gudang Cabang (Surabaya);;284;;
BRG-0042;Pesan Barang ke Pemasok;2025-07-19 14.20.00;PT Nusantara Digital;Air Purifier;Peralatan Rumah Tangga;Gudang Cabang (Surabaya);9.700.000;;;
BRG-0042;Terima Barang di Gudang;2025-07-24 02.20.00;Gudang Cabang (Surabaya);Air Purifier;Peralatan Rumah Tangga;Gudang Cabang (Surabaya);;204;;
BRG-0042;Tetapkan Harga Jual;2025-07-25 17.20.00;Admin Penjualan;Air Purifier;Peralatan Rumah Tangga;Gudang Cabang (Surabaya);;;12.799.000;31,95
BRG-0042;Barang Siap Dijual;2025-07-26 03.20.00;Gudang Cabang (Surabaya);Air Purifier;Peralatan Rumah Tangga;Gudang Cabang (Surabaya);;204;;
BRG-0043;Pesan Barang ke Pemasok;2025-06-11 17.00.00;PT Andalan Logistik;Smart TV 43 Inch;Elektronik;Gudang Cabang (Bandung);7.675.000;;;
BRG-0043;Terima Barang di Gudang;2025-06-19 21.00.00;Gudang Cabang (Bandung);Smart TV 43 Inch;Elektronik;Gudang Cabang (Bandung);;276;;
BRG-0043;Tetapkan Harga Jual;2025-06-20 23.00.00;Admin Penjualan;Smart TV 43 Inch;Elektronik;Gudang Cabang (Bandung);;;8.686.000;13,17
BRG-0043;Barang Siap Dijual;2025-06-21 03.00.00;Gudang Cabang (Bandung);Smart TV 43 Inch;Elektronik;Gudang Cabang (Bandung);;276;;
BRG-0044;Pesan Barang ke Pemasok;2025-08-07 07.50.00;PT Sinar Teknologi;Smart TV 43 Inch;Elektronik;Gudang Cabang (Semarang);13.150.000;;;
BRG-0044;Terima Barang di Gudang;2025-08-10 11.50.00;Gudang Cabang (Semarang);Smart TV 43 Inch;Elektronik;Gudang Cabang (Semarang);;301;;
BRG-0044;Tetapkan Harga Jual;2025-08-11 01.50.00;Admin Penjualan;Smart TV 43 Inch;Elektronik;Gudang Cabang (Semarang);;;14.575.000;10,84
BRG-0044;Barang Siap Dijual;2025-08-11 18.50.00;Gudang Cabang (Semarang);Smart TV 43 Inch;Elektronik;Gudang Cabang (Semarang);;301;;
BRG-0045;Pesan Barang ke Pemasok;2025-10-01 14.50.00;PT Sinar Teknologi;Air Purifier;Peralatan Rumah Tangga;Gudang Cabang (Bandung);5.875.000;;;
BRG-0045;Terima Barang di Gudang;2025-10-08 05.50.00;Gudang Cabang (Bandung);Air Purifier;Peralatan Rumah Tangga;Gudang Cabang (Bandung);;318;;
BRG-0045;Tetapkan Harga Jual;2025-10-10 02.50.00;Admin Penjualan;Air Purifier;Peralatan Rumah Tangga;Gudang Cabang (Bandung);;;6.368.000;8,40
BRG-0045;Barang Siap Dijual;2025-10-10 15.50.00;Gudang Cabang (Bandung);Air Purifier;Peralatan Rumah Tangga;Gudang Cabang (Bandung);;318;;
BRG-0046;Pesan Barang ke Pemasok;2025-04-17 08.50.00;PT Nusantara Digital;Router AX3000;Peralatan Jaringan;Gudang Cabang (Makassar);13.250.000;;;
BRG-0046;Terima Barang di Gudang;2025-04-23 20.50.00;Gudang Cabang (Makassar);Router AX3000;Peralatan Jaringan;Gudang Cabang (Makassar);;190;;
BRG-0046;Tetapkan Harga Jual;2025-04-24 17.50.00;Admin Penjualan;Router AX3000;Peralatan Jaringan;Gudang Cabang (Makassar);;;15.374.000;16,03
BRG-0046;Barang Siap Dijual;2025-04-25 10.50.00;Gudang Cabang (Makassar);Router AX3000;Peralatan Jaringan;Gudang Cabang (Makassar);;190;;
BRG-0047;Pesan Barang ke Pemasok;2025-04-02 17.40.00;PT Nusantara Digital;Laptop Gaming X15;Elektronik;Gudang Cabang (Surabaya);1.350.000;;;
BRG-0047;Terima Barang di Gudang;2025-04-05 07.40.00;Gudang Cabang (Surabaya);Laptop Gaming X15;Elektronik;Gudang Cabang (Surabaya);;152;;
BRG-0047;Tetapkan Harga Jual;2025-04-06 09.40.00;Admin Penjualan;Laptop Gaming X15;Elektronik;Gudang Cabang (Surabaya);;;1.771.000;31,17
BRG-0047;Barang Siap Dijual;2025-04-07 02.40.00;Gudang Cabang (Surabaya);Laptop Gaming X15;Elektronik;Gudang Cabang (Surabaya);;152;;
BRG-0048;Pesan Barang ke Pemasok;2025-05-26 16.00.00;PT Global Persada;Mouse Wireless Pro;Aksesoris Komputer;Gudang Cabang (Semarang);5.125.000;;;
BRG-0048;Terima Barang di Gudang;2025-06-03 03.00.00;Gudang Cabang (Semarang);Mouse Wireless Pro;Aksesoris Komputer;Gudang Cabang (Semarang);;85;;
BRG-0048;Tetapkan Harga Jual;2025-06-05 03.00.00;Admin Penjualan;Mouse Wireless Pro;Aksesoris Komputer;Gudang Cabang (Semarang);;;6.449.000;25,83
BRG-0048;Barang Siap Dijual;2025-06-05 10.00.00;Gudang Cabang (Semarang);Mouse Wireless Pro;Aksesoris Komputer;Gudang Cabang (Semarang);;85;;
BRG-0049;Pesan Barang ke Pemasok;2025-07-25 02.50.00;PT Nusantara Digital;Monitor LED 24 Inch;Elektronik;Gudang Cabang (Semarang);1.375.000;;;
BRG-0049;Terima Barang di Gudang;2025-07-27 11.50.00;Gudang Cabang (Semarang);Monitor LED 24 Inch;Elektronik;Gudang Cabang (Semarang);;257;;
BRG-0049;Tetapkan Harga Jual;2025-07-28 03.50.00;Admin Penjualan;Monitor LED 24 Inch;Elektronik;Gudang Cabang (Semarang);;;1.694.000;23,23
BRG-0049;Barang Siap Dijual;2025-07-28 11.50.00;Gudang Cabang (Semarang);Monitor LED 24 Inch;Elektronik;Gudang Cabang (Semarang);;257;;
BRG-0050;Pesan Barang ke Pemasok;2025-09-09 13.00.00;CV Berkah Komputer;UPS 1200VA;Peralatan Listrik;Gudang Utama (Jakarta);5.700.000;;;
BRG-0050;Terima Barang di Gudang;2025-09-17 03.00.00;Gudang Utama (Jakarta);UPS 1200VA;Peralatan Listrik;Gudang Utama (Jakarta);;257;;
BRG-0050;Tetapkan Harga Jual;2025-09-18 17.00.00;Admin Penjualan;UPS 1200VA;Peralatan Listrik;Gudang Utama (Jakarta);;;7.374.000;29,37
BRG-0050;Barang Siap Dijual;2025-09-19 06.00.00;Gudang Utama (Jakarta);UPS 1200VA;Peralatan Listrik;Gudang Utama (Jakarta);;257;;
BRG-0051;Pesan Barang ke Pemasok;2025-10-11 22.40.00;PT Nusantara Digital;DVR 16 Channel;Keamanan;Gudang Cabang (Medan);11.050.000;;;
BRG-0051;Terima Barang di Gudang;2025-10-14 03.40.00;Gudang Cabang (Medan);DVR 16 Channel;Keamanan;Gudang Cabang (Medan);;242;;
BRG-0051;Tetapkan Harga Jual;2025-10-14 12.40.00;Admin Penjualan;DVR 16 Channel;Keamanan;Gudang Cabang (Medan);;;13.150.000;19,00
BRG-0051;Barang Siap Dijual;2025-10-15 04.40.00;Gudang Cabang (Medan);DVR 16 Channel;Keamanan;Gudang Cabang (Medan);;242;;
BRG-0052;Pesan Barang ke Pemasok;2025-01-27 11.40.00;CV Mitra Jaya;Smart TV 43 Inch;Elektronik;Gudang Cabang (Semarang);11.250.000;;;
BRG-0052;Terima Barang di Gudang;2025-02-03 05.40.00;Gudang Cabang (Semarang);Smart TV 43 Inch;Elektronik;Gudang Cabang (Semarang);;46;;
BRG-0052;Tetapkan Harga Jual;2025-02-04 11.40.00;Admin Penjualan;Smart TV 43 Inch;Elektronik;Gudang Cabang (Semarang);;;13.272.000;17,97
BRG-0052;Barang Siap Dijual;2025-02-04 15.40.00;Gudang Cabang (Semarang);Smart TV 43 Inch;Elektronik;Gudang Cabang (Semarang);;46;;
BRG-0053;Pesan Barang ke Pemasok;2025-04-01 05.30.00;CV Prima Elektronik;Printer LaserJet;Peralatan Kantor;Gudang Cabang (Surabaya);1.100.000;;;
BRG-0053;Terima Barang di Gudang;2025-04-05 20.30.00;Gudang Cabang (Surabaya);Printer LaserJet;Peralatan Kantor;Gudang Cabang (Surabaya);;239;;
BRG-0053;Tetapkan Harga Jual;2025-04-07 04.30.00;Admin Penjualan;Printer LaserJet;Peralatan Kantor;Gudang Cabang (Surabaya);;;1.414.000;28,53
BRG-0053;Barang Siap Dijual;2025-04-07 17.30.00;Gudang Cabang (Surabaya);Printer LaserJet;Peralatan Kantor;Gudang Cabang (Surabaya);;239;;
BRG-0054;Pesan Barang ke Pemasok;2025-12-25 16.10.00;PT Andalan Logistik;Router AX3000;Peralatan Jaringan;Gudang Cabang (Bandung);4.850.000;;;
BRG-0054;Terima Barang di Gudang;2025-12-28 18.10.00;Gudang Cabang (Bandung);Router AX3000;Peralatan Jaringan;Gudang Cabang (Bandung);;310;;
BRG-0054;Tetapkan Harga Jual;2025-12-30 17.10.00;Admin Penjualan;Router AX3000;Peralatan Jaringan;Gudang Cabang (Bandung);;;6.201.000;27,86
BRG-0054;Barang Siap Dijual;2025-12-31 06.10.00;Gudang Cabang (Bandung);Router AX3000;Peralatan Jaringan;Gudang Cabang (Bandung);;310;;
BRG-0055;Pesan Barang ke Pemasok;2025-02-24 13.20.00;CV Berkah Komputer;DVR 16 Channel;Keamanan;Gudang Cabang (Surabaya);13.725.000;;;
BRG-0055;Terima Barang di Gudang;2025-03-04 20.20.00;Gudang Cabang (Surabaya);DVR 16 Channel;Keamanan;Gudang Cabang (Surabaya);;297;;
BRG-0055;Tetapkan Harga Jual;2025-03-06 20.20.00;Admin Penjualan;DVR 16 Channel;Keamanan;Gudang Cabang (Surabaya);;;17.910.000;30,49
BRG-0055;Barang Siap Dijual;2025-03-07 00.20.00;Gudang Cabang (Surabaya);DVR 16 Channel;Keamanan;Gudang Cabang (Surabaya);;297;;
BRG-0056;Pesan Barang ke Pemasok;2025-12-27 18.30.00;CV Sentral Niaga;Switch 24 Port;Peralatan Jaringan;Gudang Cabang (Surabaya);7.550.000;;;
BRG-0056;Terima Barang di Gudang;2026-01-02 22.30.00;Gudang Cabang (Surabaya);Switch 24 Port;Peralatan Jaringan;Gudang Cabang (Surabaya);;257;;
BRG-0056;Tetapkan Harga Jual;2026-01-04 11.30.00;Admin Penjualan;Switch 24 Port;Peralatan Jaringan;Gudang Cabang (Surabaya);;;8.270.000;9,54
BRG-0056;Barang Siap Dijual;2026-01-04 15.30.00;Gudang Cabang (Surabaya);Switch 24 Port;Peralatan Jaringan;Gudang Cabang (Surabaya);;257;;
BRG-0057;Pesan Barang ke Pemasok;2025-03-28 01.10.00;CV Mitra Jaya;Mouse Wireless Pro;Aksesoris Komputer;Gudang Cabang (Surabaya);8.875.000;;;
BRG-0057;Terima Barang di Gudang;2025-04-04 15.10.00;Gudang Cabang (Surabaya);Mouse Wireless Pro;Aksesoris Komputer;Gudang Cabang (Surabaya);;34;;
BRG-0057;Tetapkan Harga Jual;2025-04-05 20.10.00;Admin Penjualan;Mouse Wireless Pro;Aksesoris Komputer;Gudang Cabang (Surabaya);;;10.098.000;13,78
BRG-0057;Barang Siap Dijual;2025-04-06 10.10.00;Gudang Cabang (Surabaya);Mouse Wireless Pro;Aksesoris Komputer;Gudang Cabang (Surabaya);;34;;
BRG-0058;Pesan Barang ke Pemasok;2025-10-24 00.10.00;CV Sentral Niaga;Laptop Gaming X15;Elektronik;Gudang Cabang (Surabaya);5.075.000;;;
BRG-0058;Terima Barang di Gudang;2025-10-25 18.10.00;Gudang Cabang (Surabaya);Laptop Gaming X15;Elektronik;Gudang Cabang (Surabaya);;197;;
BRG-0058;Tetapkan Harga Jual;2025-10-27 16.10.00;Admin Penjualan;Laptop Gaming X15;Elektronik;Gudang Cabang (Surabaya);;;6.083.000;19,86
BRG-0058;Barang Siap Dijual;2025-10-27 23.10.00;Gudang Cabang (Surabaya);Laptop Gaming X15;Elektronik;Gudang Cabang (Surabaya);;197;;
BRG-0059;Pesan Barang ke Pemasok;2025-05-23 04.00.00;PT Nusantara Digital;Mouse Wireless Pro;Aksesoris Komputer;Gudang Cabang (Surabaya);13.925.000;;;
BRG-0059;Terima Barang di Gudang;2025-05-25 15.00.00;Gudang Cabang (Surabaya);Mouse Wireless Pro;Aksesoris Komputer;Gudang Cabang (Surabaya);;309;;
BRG-0059;Tetapkan Harga Jual;2025-05-27 07.00.00;Admin Penjualan;Mouse Wireless Pro;Aksesoris Komputer;Gudang Cabang (Surabaya);;;15.916.000;14,30
BRG-0059;Barang Siap Dijual;2025-05-28 01.00.00;Gudang Cabang (Surabaya);Mouse Wireless Pro;Aksesoris Komputer;Gudang Cabang (Surabaya);;309;;
BRG-0060;Pesan Barang ke Pemasok;2025-12-07 05.50.00;CV Sentral Niaga;Keyboard Mechanical RGB;Aksesoris Komputer;Gudang Cabang (Makassar);10.875.000;;;
BRG-0060;Terima Barang di Gudang;2025-12-10 21.50.00;Gudang Cabang (Makassar);Keyboard Mechanical RGB;Aksesoris Komputer;Gudang Cabang (Makassar);;243;;
BRG-0060;Tetapkan Harga Jual;2025-12-12 07.50.00;Admin Penjualan;Keyboard Mechanical RGB;Aksesoris Komputer;Gudang Cabang (Makassar);;;14.328.000;31,75
BRG-0060;Barang Siap Dijual;2025-12-12 23.50.00;Gudang Cabang (Makassar);Keyboard Mechanical RGB;Aksesoris Komputer;Gudang Cabang (Makassar);;243;;
BRG-0061;Pesan Barang ke Pemasok;2025-09-01 01.00.00;CV Mitra Jaya;Mouse Wireless Pro;Aksesoris Komputer;Gudang Cabang (Semarang);5.250.000;;;
BRG-0061;Terima Barang di Gudang;2025-09-09 09.00.00;Gudang Cabang (Semarang);Mouse Wireless Pro;Aksesoris Komputer;Gudang Cabang (Semarang);;146;;
BRG-0061;Tetapkan Harga Jual;2025-09-10 23.00.00;Admin Penjualan;Mouse Wireless Pro;Aksesoris Komputer;Gudang Cabang (Semarang);;;6.580.000;25,33
BRG-0061;Barang Siap Dijual;2025-09-11 11.00.00;Gudang Cabang (Semarang);Mouse Wireless Pro;Aksesoris Komputer;Gudang Cabang (Semarang);;146;;
BRG-0062;Pesan Barang ke Pemasok;2025-06-06 18.30.00;CV Maju Bersama;Printer LaserJet;Peralatan Kantor;Gudang Cabang (Bandung);11.400.000;;;
BRG-0062;Terima Barang di Gudang;2025-06-10 00.30.00;Gudang Cabang (Bandung);Printer LaserJet;Peralatan Kantor;Gudang Cabang (Bandung);;284;;
BRG-0062;Tetapkan Harga Jual;2025-06-10 08.30.00;Admin Penjualan;Printer LaserJet;Peralatan Kantor;Gudang Cabang (Bandung);;;14.111.000;23,78
BRG-0062;Barang Siap Dijual;2025-06-11 01.30.00;Gudang Cabang (Bandung);Printer LaserJet;Peralatan Kantor;Gudang Cabang (Bandung);;284;;
BRG-0063;Pesan Barang ke Pemasok;2025-12-03 07.50.00;PT Global Persada;Kamera CCTV 4MP;Keamanan;Gudang Cabang (Semarang);6.875.000;;;
BRG-0063;Terima Barang di Gudang;2025-12-09 08.50.00;Gudang Cabang (Semarang);Kamera CCTV 4MP;Keamanan;Gudang Cabang (Semarang);;104;;
BRG-0063;Tetapkan Harga Jual;2025-12-09 20.50.00;Admin Penjualan;Kamera CCTV 4MP;Keamanan;Gudang Cabang (Semarang);;;7.735.000;12,51
BRG-0063;Barang Siap Dijual;2025-12-10 02.50.00;Gudang Cabang (Semarang);Kamera CCTV 4MP;Keamanan;Gudang Cabang (Semarang);;104;;
BRG-0064;Pesan Barang ke Pemasok;2025-01-22 00.10.00;PT Andalan Logistik;Printer LaserJet;Peralatan Kantor;Gudang Cabang (Makassar);12.375.000;;;
BRG-0064;Terima Barang di Gudang;2025-01-29 08.10.00;Gudang Cabang (Makassar);Printer LaserJet;Peralatan Kantor;Gudang Cabang (Makassar);;215;;
BRG-0064;Tetapkan Harga Jual;2025-01-31 08.10.00;Admin Penjualan;Printer LaserJet;Peralatan Kantor;Gudang Cabang (Makassar);;;15.542.000;25,59
BRG-0064;Barang Siap Dijual;2025-01-31 10.10.00;Gudang Cabang (Makassar);Printer LaserJet;Peralatan Kantor;Gudang Cabang (Makassar);;215;;
BRG-0065;Pesan Barang ke Pemasok;2025-08-12 17.30.00;CV Sentral Niaga;Access Point WiFi 6;Peralatan Jaringan;Gudang Cabang (Semarang);9.700.000;;;
BRG-0065;Terima Barang di Gudang;2025-08-13 21.30.00;Gudang Cabang (Semarang);Access Point WiFi 6;Peralatan Jaringan;Gudang Cabang (Semarang);;210;;
BRG-0065;Tetapkan Harga Jual;2025-08-14 18.30.00;Admin Penjualan;Access Point WiFi 6;Peralatan Jaringan;Gudang Cabang (Semarang);;;11.253.000;16,01
BRG-0065;Barang Siap Dijual;2025-08-15 06.30.00;Gudang Cabang (Semarang);Access Point WiFi 6;Peralatan Jaringan;Gudang Cabang (Semarang);;210;;
BRG-0066;Pesan Barang ke Pemasok;2025-05-31 03.50.00;CV Berkah Komputer;Keyboard Mechanical RGB;Aksesoris Komputer;Gudang Cabang (Surabaya);9.000.000;;;
BRG-0066;Terima Barang di Gudang;2025-06-07 16.50.00;Gudang Cabang (Surabaya);Keyboard Mechanical RGB;Aksesoris Komputer;Gudang Cabang (Surabaya);;56;;
BRG-0066;Tetapkan Harga Jual;2025-06-09 00.50.00;Admin Penjualan;Keyboard Mechanical RGB;Aksesoris Komputer;Gudang Cabang (Surabaya);;;10.796.000;19,96
BRG-0066;Barang Siap Dijual;2025-06-09 07.50.00;Gudang Cabang (Surabaya);Keyboard Mechanical RGB;Aksesoris Komputer;Gudang Cabang (Surabaya);;56;;
BRG-0067;Pesan Barang ke Pemasok;2025-05-27 17.50.00;PT Cipta Sarana;Switch 24 Port;Peralatan Jaringan;Gudang Cabang (Medan);3.400.000;;;
BRG-0067;Terima Barang di Gudang;2025-06-02 20.50.00;Gudang Cabang (Medan);Switch 24 Port;Peralatan Jaringan;Gudang Cabang (Medan);;209;;
BRG-0067;Tetapkan Harga Jual;2025-06-04 15.50.00;Admin Penjualan;Switch 24 Port;Peralatan Jaringan;Gudang Cabang (Medan);;;4.019.000;18,20
BRG-0067;Barang Siap Dijual;2025-06-05 00.50.00;Gudang Cabang (Medan);Switch 24 Port;Peralatan Jaringan;Gudang Cabang (Medan);;209;;
BRG-0068;Pesan Barang ke Pemasok;2025-07-24 02.20.00;CV Sentral Niaga;Scanner Dokumen A4;Peralatan Kantor;Gudang Cabang (Semarang);14.075.000;;;
BRG-0068;Terima Barang di Gudang;2025-07-25 19.20.00;Gudang Cabang (Semarang);Scanner Dokumen A4;Peralatan Kantor;Gudang Cabang (Semarang);;325;;
BRG-0068;Tetapkan Harga Jual;2025-07-27 02.20.00;Admin Penjualan;Scanner Dokumen A4;Peralatan Kantor;Gudang Cabang (Semarang);;;17.104.000;21,52
BRG-0068;Barang Siap Dijual;2025-07-27 15.20.00;Gudang Cabang (Semarang);Scanner Dokumen A4;Peralatan Kantor;Gudang Cabang (Semarang);;325;;
BRG-0069;Pesan Barang ke Pemasok;2025-11-02 01.10.00;CV Maju Bersama;Smartphone Pro;Elektronik;Gudang Utama (Jakarta);12.000.000;;;
BRG-0069;Terima Barang di Gudang;2025-11-09 17.10.00;Gudang Utama (Jakarta);Smartphone Pro;Elektronik;Gudang Utama (Jakarta);;272;;
BRG-0069;Tetapkan Harga Jual;2025-11-09 21.10.00;Admin Penjualan;Smartphone Pro;Elektronik;Gudang Utama (Jakarta);;;14.346.000;19,55
BRG-0069;Barang Siap Dijual;2025-11-10 13.10.00;Gudang Utama (Jakarta);Smartphone Pro;Elektronik;Gudang Utama (Jakarta);;272;;
BRG-0070;Pesan Barang ke Pemasok;2025-06-22 09.40.00;CV Berkah Komputer;Air Purifier;Peralatan Rumah Tangga;Gudang Cabang (Bandung);11.975.000;;;
BRG-0070;Terima Barang di Gudang;2025-06-28 16.40.00;Gudang Cabang (Bandung);Air Purifier;Peralatan Rumah Tangga;Gudang Cabang (Bandung);;123;;
BRG-0070;Tetapkan Harga Jual;2025-06-29 07.40.00;Admin Penjualan;Air Purifier;Peralatan Rumah Tangga;Gudang Cabang (Bandung);;;13.477.000;12,54
BRG-0070;Barang Siap Dijual;2025-06-29 10.40.00;Gudang Cabang (Bandung);Air Purifier;Peralatan Rumah Tangga;Gudang Cabang (Bandung);;123;;
BRG-0071;Pesan Barang ke Pemasok;2025-06-05 03.10.00;CV Prima Elektronik;Power Bank 20000mAh;Aksesoris Elektronik;Gudang Utama (Jakarta);10.200.000;;;
BRG-0071;Terima Barang di Gudang;2025-06-12 15.10.00;Gudang Utama (Jakarta);Power Bank 20000mAh;Aksesoris Elektronik;Gudang Utama (Jakarta);;121;;
BRG-0071;Tetapkan Harga Jual;2025-06-13 19.10.00;Admin Penjualan;Power Bank 20000mAh;Aksesoris Elektronik;Gudang Utama (Jakarta);;;11.310.000;10,88
BRG-0071;Barang Siap Dijual;2025-06-14 06.10.00;Gudang Utama (Jakarta);Power Bank 20000mAh;Aksesoris Elektronik;Gudang Utama (Jakarta);;121;;
BRG-0072;Pesan Barang ke Pemasok;2025-06-28 16.00.00;CV Maju Bersama;Power Bank 20000mAh;Aksesoris Elektronik;Gudang Cabang (Surabaya);1.950.000;;;
BRG-0072;Terima Barang di Gudang;2025-06-30 05.00.00;Gudang Cabang (Surabaya);Power Bank 20000mAh;Aksesoris Elektronik;Gudang Cabang (Surabaya);;195;;
BRG-0072;Tetapkan Harga Jual;2025-06-30 18.00.00;Admin Penjualan;Power Bank 20000mAh;Aksesoris Elektronik;Gudang Cabang (Surabaya);;;2.516.000;29,03
BRG-0072;Barang Siap Dijual;2025-06-30 21.00.00;Gudang Cabang (Surabaya);Power Bank 20000mAh;Aksesoris Elektronik;Gudang Cabang (Surabaya);;195;;
BRG-0073;Pesan Barang ke Pemasok;2025-10-10 00.50.00;CV Mitra Jaya;Printer LaserJet;Peralatan Kantor;Gudang Cabang (Medan);8.775.000;;;
BRG-0073;Terima Barang di Gudang;2025-10-18 14.50.00;Gudang Cabang (Medan);Printer LaserJet;Peralatan Kantor;Gudang Cabang (Medan);;117;;
BRG-0073;Tetapkan Harga Jual;2025-10-20 04.50.00;Admin Penjualan;Printer LaserJet;Peralatan Kantor;Gudang Cabang (Medan);;;9.738.000;10,98
BRG-0073;Barang Siap Dijual;2025-10-20 21.50.00;Gudang Cabang (Medan);Printer LaserJet;Peralatan Kantor;Gudang Cabang (Medan);;117;;
BRG-0074;Pesan Barang ke Pemasok;2025-12-19 02.30.00;PT Sinar Teknologi;Access Point WiFi 6;Peralatan Jaringan;Gudang Cabang (Medan);10.150.000;;;
BRG-0074;Terima Barang di Gudang;2025-12-23 07.30.00;Gudang Cabang (Medan);Access Point WiFi 6;Peralatan Jaringan;Gudang Cabang (Medan);;152;;
BRG-0074;Tetapkan Harga Jual;2025-12-24 17.30.00;Admin Penjualan;Access Point WiFi 6;Peralatan Jaringan;Gudang Cabang (Medan);;;12.654.000;24,67
BRG-0074;Barang Siap Dijual;2025-12-25 11.30.00;Gudang Cabang (Medan);Access Point WiFi 6;Peralatan Jaringan;Gudang Cabang (Medan);;152;;
BRG-0075;Pesan Barang ke Pemasok;2025-11-02 05.20.00;PT Andalan Logistik;Scanner Dokumen A4;Peralatan Kantor;Gudang Utama (Jakarta);7.600.000;;;
BRG-0075;Terima Barang di Gudang;2025-11-08 21.20.00;Gudang Utama (Jakarta);Scanner Dokumen A4;Peralatan Kantor;Gudang Utama (Jakarta);;118;;
BRG-0075;Tetapkan Harga Jual;2025-11-09 10.20.00;Admin Penjualan;Scanner Dokumen A4;Peralatan Kantor;Gudang Utama (Jakarta);;;8.993.000;18,33
BRG-0075;Barang Siap Dijual;2025-11-09 20.20.00;Gudang Utama (Jakarta);Scanner Dokumen A4;Peralatan Kantor;Gudang Utama (Jakarta);;118;;
BRG-0076;Pesan Barang ke Pemasok;2025-11-28 18.50.00;PT Sinar Teknologi;Smartphone Pro;Elektronik;Gudang Cabang (Bandung);7.400.000;;;
BRG-0076;Terima Barang di Gudang;2025-12-01 23.50.00;Gudang Cabang (Bandung);Smartphone Pro;Elektronik;Gudang Cabang (Bandung);;58;;
BRG-0076;Tetapkan Harga Jual;2025-12-03 22.50.00;Admin Penjualan;Smartphone Pro;Elektronik;Gudang Cabang (Bandung);;;8.002.000;8,14
BRG-0076;Barang Siap Dijual;2025-12-04 14.50.00;Gudang Cabang (Bandung);Smartphone Pro;Elektronik;Gudang Cabang (Bandung);;58;;
BRG-0077;Pesan Barang ke Pemasok;2025-04-27 06.00.00;CV Berkah Komputer;Air Purifier;Peralatan Rumah Tangga;Gudang Cabang (Makassar);7.475.000;;;
BRG-0077;Terima Barang di Gudang;2025-05-01 16.00.00;Gudang Cabang (Makassar);Air Purifier;Peralatan Rumah Tangga;Gudang Cabang (Makassar);;106;;
BRG-0077;Tetapkan Harga Jual;2025-05-03 11.00.00;Admin Penjualan;Air Purifier;Peralatan Rumah Tangga;Gudang Cabang (Makassar);;;8.593.000;14,95
BRG-0077;Barang Siap Dijual;2025-05-04 05.00.00;Gudang Cabang (Makassar);Air Purifier;Peralatan Rumah Tangga;Gudang Cabang (Makassar);;106;;
BRG-0078;Pesan Barang ke Pemasok;2025-02-26 06.10.00;CV Berkah Komputer;Kulkas 2 Pintu;Peralatan Rumah Tangga;Gudang Cabang (Semarang);1.550.000;;;
BRG-0078;Terima Barang di Gudang;2025-02-28 11.10.00;Gudang Cabang (Semarang);Kulkas 2 Pintu;Peralatan Rumah Tangga;Gudang Cabang (Semarang);;277;;
BRG-0078;Tetapkan Harga Jual;2025-02-28 23.10.00;Admin Penjualan;Kulkas 2 Pintu;Peralatan Rumah Tangga;Gudang Cabang (Semarang);;;1.843.000;18,93
BRG-0078;Barang Siap Dijual;2025-03-01 17.10.00;Gudang Cabang (Semarang);Kulkas 2 Pintu;Peralatan Rumah Tangga;Gudang Cabang (Semarang);;277;;
BRG-0079;Pesan Barang ke Pemasok;2025-03-08 17.00.00;PT Global Persada;Access Point WiFi 6;Peralatan Jaringan;Gudang Cabang (Makassar);975.000;;;
BRG-0079;Terima Barang di Gudang;2025-03-11 10.00.00;Gudang Cabang (Makassar);Access Point WiFi 6;Peralatan Jaringan;Gudang Cabang (Makassar);;20;;
BRG-0079;Tetapkan Harga Jual;2025-03-12 07.00.00;Admin Penjualan;Access Point WiFi 6;Peralatan Jaringan;Gudang Cabang (Makassar);;;1.194.000;22,42
BRG-0079;Barang Siap Dijual;2025-03-12 13.00.00;Gudang Cabang (Makassar);Access Point WiFi 6;Peralatan Jaringan;Gudang Cabang (Makassar);;20;;
BRG-0080;Pesan Barang ke Pemasok;2025-02-19 02.50.00;PT Andalan Logistik;Kulkas 2 Pintu;Peralatan Rumah Tangga;Gudang Cabang (Surabaya);475.000;;;
BRG-0080;Terima Barang di Gudang;2025-02-21 10.50.00;Gudang Cabang (Surabaya);Kulkas 2 Pintu;Peralatan Rumah Tangga;Gudang Cabang (Surabaya);;218;;
BRG-0080;Tetapkan Harga Jual;2025-02-23 03.50.00;Admin Penjualan;Kulkas 2 Pintu;Peralatan Rumah Tangga;Gudang Cabang (Surabaya);;;562.000;18,38
BRG-0080;Barang Siap Dijual;2025-02-23 15.50.00;Gudang Cabang (Surabaya);Kulkas 2 Pintu;Peralatan Rumah Tangga;Gudang Cabang (Surabaya);;218;;
BRG-0081;Pesan Barang ke Pemasok;2025-09-26 00.40.00;PT Global Persada;Kamera CCTV 4MP;Keamanan;Gudang Cabang (Makassar);12.700.000;;;
BRG-0081;Terima Barang di Gudang;2025-09-29 09.40.00;Gudang Cabang (Makassar);Kamera CCTV 4MP;Keamanan;Gudang Cabang (Makassar);;147;;
BRG-0081;Tetapkan Harga Jual;2025-09-30 15.40.00;Admin Penjualan;Kamera CCTV 4MP;Keamanan;Gudang Cabang (Makassar);;;14.147.000;11,39
BRG-0081;Barang Siap Dijual;2025-09-30 20.40.00;Gudang Cabang (Makassar);Kamera CCTV 4MP;Keamanan;Gudang Cabang (Makassar);;147;;
BRG-0082;Pesan Barang ke Pemasok;2025-12-28 15.50.00;PT Andalan Logistik;Switch 24 Port;Peralatan Jaringan;Gudang Cabang (Makassar);13.175.000;;;
BRG-0082;Terima Barang di Gudang;2025-12-31 03.50.00;Gudang Cabang (Makassar);Switch 24 Port;Peralatan Jaringan;Gudang Cabang (Makassar);;58;;
BRG-0082;Tetapkan Harga Jual;2026-01-01 09.50.00;Admin Penjualan;Switch 24 Port;Peralatan Jaringan;Gudang Cabang (Makassar);;;15.940.000;20,99
BRG-0082;Barang Siap Dijual;2026-01-02 00.50.00;Gudang Cabang (Makassar);Switch 24 Port;Peralatan Jaringan;Gudang Cabang (Makassar);;58;;
BRG-0083;Pesan Barang ke Pemasok;2025-07-09 13.20.00;CV Maju Bersama;Keyboard Mechanical RGB;Aksesoris Komputer;Gudang Cabang (Semarang);6.125.000;;;
BRG-0083;Terima Barang di Gudang;2025-07-17 02.20.00;Gudang Cabang (Semarang);Keyboard Mechanical RGB;Aksesoris Komputer;Gudang Cabang (Semarang);;119;;
BRG-0083;Tetapkan Harga Jual;2025-07-18 11.20.00;Admin Penjualan;Keyboard Mechanical RGB;Aksesoris Komputer;Gudang Cabang (Semarang);;;7.700.000;25,72
BRG-0083;Barang Siap Dijual;2025-07-19 02.20.00;Gudang Cabang (Semarang);Keyboard Mechanical RGB;Aksesoris Komputer;Gudang Cabang (Semarang);;119;;
BRG-0084;Pesan Barang ke Pemasok;2025-08-05 06.30.00;PT Sinar Teknologi;Monitor LED 24 Inch;Elektronik;Gudang Cabang (Bandung);10.450.000;;;
BRG-0084;Terima Barang di Gudang;2025-08-10 08.30.00;Gudang Cabang (Bandung);Monitor LED 24 Inch;Elektronik;Gudang Cabang (Bandung);;285;;
BRG-0084;Tetapkan Harga Jual;2025-08-10 16.30.00;Admin Penjualan;Monitor LED 24 Inch;Elektronik;Gudang Cabang (Bandung);;;13.346.000;27,71
BRG-0084;Barang Siap Dijual;2025-08-11 09.30.00;Gudang Cabang (Bandung);Monitor LED 24 Inch;Elektronik;Gudang Cabang (Bandung);;285;;
BRG-0085;Pesan Barang ke Pemasok;2025-09-07 08.00.00;PT Global Persada;Printer LaserJet;Peralatan Kantor;Gudang Cabang (Bandung);9.100.000;;;
BRG-0085;Terima Barang di Gudang;2025-09-14 17.00.00;Gudang Cabang (Bandung);Printer LaserJet;Peralatan Kantor;Gudang Cabang (Bandung);;82;;
BRG-0085;Tetapkan Harga Jual;2025-09-16 15.00.00;Admin Penjualan;Printer LaserJet;Peralatan Kantor;Gudang Cabang (Bandung);;;9.868.000;8,44
BRG-0085;Barang Siap Dijual;2025-09-17 09.00.00;Gudang Cabang (Bandung);Printer LaserJet;Peralatan Kantor;Gudang Cabang (Bandung);;82;;
BRG-0086;Pesan Barang ke Pemasok;2025-01-26 16.50.00;PT Sinar Teknologi;Router AX3000;Peralatan Jaringan;Gudang Utama (Jakarta);8.925.000;;;
BRG-0086;Terima Barang di Gudang;2025-02-04 09.50.00;Gudang Utama (Jakarta);Router AX3000;Peralatan Jaringan;Gudang Utama (Jakarta);;52;;
BRG-0086;Tetapkan Harga Jual;2025-02-04 15.50.00;Admin Penjualan;Router AX3000;Peralatan Jaringan;Gudang Utama (Jakarta);;;10.245.000;14,79
BRG-0086;Barang Siap Dijual;2025-02-05 08.50.00;Gudang Utama (Jakarta);Router AX3000;Peralatan Jaringan;Gudang Utama (Jakarta);;52;;
BRG-0087;Pesan Barang ke Pemasok;2025-11-21 00.10.00;PT Andalan Logistik;Router AX3000;Peralatan Jaringan;Gudang Cabang (Medan);7.675.000;;;
BRG-0087;Terima Barang di Gudang;2025-11-28 08.10.00;Gudang Cabang (Medan);Router AX3000;Peralatan Jaringan;Gudang Cabang (Medan);;242;;
BRG-0087;Tetapkan Harga Jual;2025-11-28 15.10.00;Admin Penjualan;Router AX3000;Peralatan Jaringan;Gudang Cabang (Medan);;;10.123.000;31,89
BRG-0087;Barang Siap Dijual;2025-11-28 20.10.00;Gudang Cabang (Medan);Router AX3000;Peralatan Jaringan;Gudang Cabang (Medan);;242;;
BRG-0088;Pesan Barang ke Pemasok;2025-07-12 18.00.00;CV Maju Bersama;Keyboard Mechanical RGB;Aksesoris Komputer;Gudang Cabang (Medan);13.025.000;;;
BRG-0088;Terima Barang di Gudang;2025-07-18 06.00.00;Gudang Cabang (Medan);Keyboard Mechanical RGB;Aksesoris Komputer;Gudang Cabang (Medan);;266;;
BRG-0088;Tetapkan Harga Jual;2025-07-19 05.00.00;Admin Penjualan;Keyboard Mechanical RGB;Aksesoris Komputer;Gudang Cabang (Medan);;;15.230.000;16,93
BRG-0088;Barang Siap Dijual;2025-07-19 09.00.00;Gudang Cabang (Medan);Keyboard Mechanical RGB;Aksesoris Komputer;Gudang Cabang (Medan);;266;;
BRG-0089;Pesan Barang ke Pemasok;2025-07-09 16.40.00;CV Maju Bersama;Printer LaserJet;Peralatan Kantor;Gudang Cabang (Makassar);10.925.000;;;
BRG-0089;Terima Barang di Gudang;2025-07-14 06.40.00;Gudang Cabang (Makassar);Printer LaserJet;Peralatan Kantor;Gudang Cabang (Makassar);;271;;
BRG-0089;Tetapkan Harga Jual;2025-07-15 23.40.00;Admin Penjualan;Printer LaserJet;Peralatan Kantor;Gudang Cabang (Makassar);;;14.161.000;29,62
BRG-0089;Barang Siap Dijual;2025-07-16 04.40.00;Gudang Cabang (Makassar);Printer LaserJet;Peralatan Kantor;Gudang Cabang (Makassar);;271;;
BRG-0090;Pesan Barang ke Pemasok;2025-11-06 20.40.00;PT Andalan Logistik;Monitor LED 24 Inch;Elektronik;Gudang Cabang (Bandung);7.125.000;;;
BRG-0090;Terima Barang di Gudang;2025-11-11 23.40.00;Gudang Cabang (Bandung);Monitor LED 24 Inch;Elektronik;Gudang Cabang (Bandung);;150;;
BRG-0090;Tetapkan Harga Jual;2025-11-13 07.40.00;Admin Penjualan;Monitor LED 24 Inch;Elektronik;Gudang Cabang (Bandung);;;8.655.000;21,47
BRG-0090;Barang Siap Dijual;2025-11-13 14.40.00;Gudang Cabang (Bandung);Monitor LED 24 Inch;Elektronik;Gudang Cabang (Bandung);;150;;
BRG-0091;Pesan Barang ke Pemasok;2025-11-04 12.20.00;CV Berkah Komputer;Keyboard Mechanical RGB;Aksesoris Komputer;Gudang Cabang (Semarang);1.350.000;;;
BRG-0091;Terima Barang di Gudang;2025-11-08 16.20.00;Gudang Cabang (Semarang);Keyboard Mechanical RGB;Aksesoris Komputer;Gudang Cabang (Semarang);;169;;
BRG-0091;Tetapkan Harga Jual;2025-11-09 17.20.00;Admin Penjualan;Keyboard Mechanical RGB;Aksesoris Komputer;Gudang Cabang (Semarang);;;1.686.000;24,86
BRG-0091;Barang Siap Dijual;2025-11-10 11.20.00;Gudang Cabang (Semarang);Keyboard Mechanical RGB;Aksesoris Komputer;Gudang Cabang (Semarang);;169;;
BRG-0092;Pesan Barang ke Pemasok;2025-01-29 01.20.00;CV Maju Bersama;Power Bank 20000mAh;Aksesoris Elektronik;Gudang Cabang (Surabaya);7.075.000;;;
BRG-0092;Terima Barang di Gudang;2025-02-02 16.20.00;Gudang Cabang (Surabaya);Power Bank 20000mAh;Aksesoris Elektronik;Gudang Cabang (Surabaya);;96;;
BRG-0092;Tetapkan Harga Jual;2025-02-04 11.20.00;Admin Penjualan;Power Bank 20000mAh;Aksesoris Elektronik;Gudang Cabang (Surabaya);;;8.368.000;18,28
BRG-0092;Barang Siap Dijual;2025-02-04 22.20.00;Gudang Cabang (Surabaya);Power Bank 20000mAh;Aksesoris Elektronik;Gudang Cabang (Surabaya);;96;;
BRG-0093;Pesan Barang ke Pemasok;2025-03-04 08.40.00;PT Andalan Logistik;Power Bank 20000mAh;Aksesoris Elektronik;Gudang Cabang (Surabaya);14.550.000;;;
BRG-0093;Terima Barang di Gudang;2025-03-11 01.40.00;Gudang Cabang (Surabaya);Power Bank 20000mAh;Aksesoris Elektronik;Gudang Cabang (Surabaya);;285;;
BRG-0093;Tetapkan Harga Jual;2025-03-12 00.40.00;Admin Penjualan;Power Bank 20000mAh;Aksesoris Elektronik;Gudang Cabang (Surabaya);;;19.018.000;30,71
BRG-0093;Barang Siap Dijual;2025-03-12 18.40.00;Gudang Cabang (Surabaya);Power Bank 20000mAh;Aksesoris Elektronik;Gudang Cabang (Surabaya);;285;;
BRG-0094;Pesan Barang ke Pemasok;2025-10-01 15.40.00;PT Global Persada;Switch 24 Port;Peralatan Jaringan;Gudang Cabang (Makassar);7.425.000;;;
BRG-0094;Terima Barang di Gudang;2025-10-04 23.40.00;Gudang Cabang (Makassar);Switch 24 Port;Peralatan Jaringan;Gudang Cabang (Makassar);;146;;
BRG-0094;Tetapkan Harga Jual;2025-10-05 19.40.00;Admin Penjualan;Switch 24 Port;Peralatan Jaringan;Gudang Cabang (Makassar);;;8.516.000;14,69
BRG-0094;Barang Siap Dijual;2025-10-06 06.40.00;Gudang Cabang (Makassar);Switch 24 Port;Peralatan Jaringan;Gudang Cabang (Makassar);;146;;
BRG-0095;Pesan Barang ke Pemasok;2025-03-07 19.00.00;PT Cipta Sarana;Tablet 10 Inch;Elektronik;Gudang Cabang (Makassar);8.800.000;;;
BRG-0095;Terima Barang di Gudang;2025-03-12 06.00.00;Gudang Cabang (Makassar);Tablet 10 Inch;Elektronik;Gudang Cabang (Makassar);;59;;
BRG-0095;Tetapkan Harga Jual;2025-03-13 11.00.00;Admin Penjualan;Tablet 10 Inch;Elektronik;Gudang Cabang (Makassar);;;10.259.000;16,58
BRG-0095;Barang Siap Dijual;2025-03-14 00.00.00;Gudang Cabang (Makassar);Tablet 10 Inch;Elektronik;Gudang Cabang (Makassar);;59;;
BRG-0096;Pesan Barang ke Pemasok;2025-12-16 15.10.00;CV Berkah Komputer;Mesin Kopi Otomatis;Peralatan Rumah Tangga;Gudang Utama (Jakarta);6.675.000;;;
BRG-0096;Terima Barang di Gudang;2025-12-19 05.10.00;Gudang Utama (Jakarta);Mesin Kopi Otomatis;Peralatan Rumah Tangga;Gudang Utama (Jakarta);;30;;
BRG-0096;Tetapkan Harga Jual;2025-12-21 03.10.00;Admin Penjualan;Mesin Kopi Otomatis;Peralatan Rumah Tangga;Gudang Utama (Jakarta);;;7.561.000;13,27
BRG-0096;Barang Siap Dijual;2025-12-21 10.10.00;Gudang Utama (Jakarta);Mesin Kopi Otomatis;Peralatan Rumah Tangga;Gudang Utama (Jakarta);;30;;
BRG-0097;Pesan Barang ke Pemasok;2025-03-02 08.00.00;CV Mitra Jaya;Monitor LED 24 Inch;Elektronik;Gudang Utama (Jakarta);4.900.000;;;
BRG-0097;Terima Barang di Gudang;2025-03-04 23.00.00;Gudang Utama (Jakarta);Monitor LED 24 Inch;Elektronik;Gudang Utama (Jakarta);;303;;
BRG-0097;Tetapkan Harga Jual;2025-03-05 08.00.00;Admin Penjualan;Monitor LED 24 Inch;Elektronik;Gudang Utama (Jakarta);;;5.952.000;21,46
BRG-0097;Barang Siap Dijual;2025-03-05 11.00.00;Gudang Utama (Jakarta);Monitor LED 24 Inch;Elektronik;Gudang Utama (Jakarta);;303;;
BRG-0098;Pesan Barang ke Pemasok;2025-09-12 01.40.00;PT Cipta Sarana;Monitor LED 24 Inch;Elektronik;Gudang Cabang (Semarang);13.500.000;;;
BRG-0098;Terima Barang di Gudang;2025-09-19 15.40.00;Gudang Cabang (Semarang);Monitor LED 24 Inch;Elektronik;Gudang Cabang (Semarang);;64;;
BRG-0098;Tetapkan Harga Jual;2025-09-20 23.40.00;Admin Penjualan;Monitor LED 24 Inch;Elektronik;Gudang Cabang (Semarang);;;16.099.000;19,25
BRG-0098;Barang Siap Dijual;2025-09-21 12.40.00;Gudang Cabang (Semarang);Monitor LED 24 Inch;Elektronik;Gudang Cabang (Semarang);;64;;
BRG-0099;Pesan Barang ke Pemasok;2025-01-04 18.10.00;PT Sinar Teknologi;Mesin Kopi Otomatis;Peralatan Rumah Tangga;Gudang Cabang (Surabaya);7.250.000;;;
BRG-0099;Terima Barang di Gudang;2025-01-06 10.10.00;Gudang Cabang (Surabaya);Mesin Kopi Otomatis;Peralatan Rumah Tangga;Gudang Cabang (Surabaya);;199;;
BRG-0099;Tetapkan Harga Jual;2025-01-07 01.10.00;Admin Penjualan;Mesin Kopi Otomatis;Peralatan Rumah Tangga;Gudang Cabang (Surabaya);;;8.437.000;16,37
BRG-0099;Barang Siap Dijual;2025-01-07 11.10.00;Gudang Cabang (Surabaya);Mesin Kopi Otomatis;Peralatan Rumah Tangga;Gudang Cabang (Surabaya);;199;;
BRG-0100;Pesan Barang ke Pemasok;2025-08-18 02.00.00;CV Berkah Komputer;Smart TV 43 Inch;Elektronik;Gudang Cabang (Semarang);10.875.000;;;
BRG-0100;Terima Barang di Gudang;2025-08-25 05.00.00;Gudang Cabang (Semarang);Smart TV 43 Inch;Elektronik;Gudang Cabang (Semarang);;161;;
BRG-0100;Tetapkan Harga Jual;2025-08-25 19.00.00;Admin Penjualan;Smart TV 43 Inch;Elektronik;Gudang Cabang (Semarang);;;12.045.000;10,76
BRG-0100;Barang Siap Dijual;2025-08-25 21.00.00;Gudang Cabang (Semarang);Smart TV 43 Inch;Elektronik;Gudang Cabang (Semarang);;161;;
BRG-0101;Pesan Barang ke Pemasok;2025-09-16 20.10.00;PT Andalan Logistik;Smart TV 43 Inch;Elektronik;Gudang Utama (Jakarta);10.625.000;;;
BRG-0101;Terima Barang di Gudang;2025-09-21 14.10.00;Gudang Utama (Jakarta);Smart TV 43 Inch;Elektronik;Gudang Utama (Jakarta);;28;;
BRG-0101;Tetapkan Harga Jual;2025-09-22 22.10.00;Admin Penjualan;Smart TV 43 Inch;Elektronik;Gudang Utama (Jakarta);;;13.789.000;29,78
BRG-0101;Barang Siap Dijual;2025-09-23 02.10.00;Gudang Utama (Jakarta);Smart TV 43 Inch;Elektronik;Gudang Utama (Jakarta);;28;;
BRG-0102;Pesan Barang ke Pemasok;2025-08-03 18.30.00;CV Berkah Komputer;Power Bank 20000mAh;Aksesoris Elektronik;Gudang Cabang (Makassar);11.450.000;;;
BRG-0102;Terima Barang di Gudang;2025-08-05 01.30.00;Gudang Cabang (Makassar);Power Bank 20000mAh;Aksesoris Elektronik;Gudang Cabang (Makassar);;236;;
BRG-0102;Tetapkan Harga Jual;2025-08-05 03.30.00;Admin Penjualan;Power Bank 20000mAh;Aksesoris Elektronik;Gudang Cabang (Makassar);;;13.841.000;20,88
BRG-0102;Barang Siap Dijual;2025-08-05 07.30.00;Gudang Cabang (Makassar);Power Bank 20000mAh;Aksesoris Elektronik;Gudang Cabang (Makassar);;236;;
BRG-0103;Pesan Barang ke Pemasok;2025-04-24 09.40.00;PT Cipta Sarana;Speaker Bluetooth;Elektronik;Gudang Utama (Jakarta);13.000.000;;;
BRG-0103;Terima Barang di Gudang;2025-04-28 23.40.00;Gudang Utama (Jakarta);Speaker Bluetooth;Elektronik;Gudang Utama (Jakarta);;306;;
BRG-0103;Tetapkan Harga Jual;2025-04-30 14.40.00;Admin Penjualan;Speaker Bluetooth;Elektronik;Gudang Utama (Jakarta);;;16.436.000;26,43
BRG-0103;Barang Siap Dijual;2025-04-30 22.40.00;Gudang Utama (Jakarta);Speaker Bluetooth;Elektronik;Gudang Utama (Jakarta);;306;;
BRG-0104;Pesan Barang ke Pemasok;2025-01-31 05.40.00;PT Andalan Logistik;Mesin Kopi Otomatis;Peralatan Rumah Tangga;Gudang Cabang (Medan);4.250.000;;;
BRG-0104;Terima Barang di Gudang;2025-02-01 10.40.00;Gudang Cabang (Medan);Mesin Kopi Otomatis;Peralatan Rumah Tangga;Gudang Cabang (Medan);;341;;
BRG-0104;Tetapkan Harga Jual;2025-02-03 04.40.00;Admin Penjualan;Mesin Kopi Otomatis;Peralatan Rumah Tangga;Gudang Cabang (Medan);;;5.605.000;31,89
BRG-0104;Barang Siap Dijual;2025-02-03 18.40.00;Gudang Cabang (Medan);Mesin Kopi Otomatis;Peralatan Rumah Tangga;Gudang Cabang (Medan);;341;;
BRG-0105;Pesan Barang ke Pemasok;2025-07-06 01.20.00;CV Sentral Niaga;Switch 24 Port;Peralatan Jaringan;Gudang Cabang (Surabaya);5.325.000;;;
BRG-0105;Terima Barang di Gudang;2025-07-08 09.20.00;Gudang Cabang (Surabaya);Switch 24 Port;Peralatan Jaringan;Gudang Cabang (Surabaya);;134;;
BRG-0105;Tetapkan Harga Jual;2025-07-09 16.20.00;Admin Penjualan;Switch 24 Port;Peralatan Jaringan;Gudang Cabang (Surabaya);;;6.242.000;17,23
BRG-0105;Barang Siap Dijual;2025-07-09 19.20.00;Gudang Cabang (Surabaya);Switch 24 Port;Peralatan Jaringan;Gudang Cabang (Surabaya);;134;;
BRG-0106;Pesan Barang ke Pemasok;2025-03-30 17.40.00;PT Cipta Sarana;Kulkas 2 Pintu;Peralatan Rumah Tangga;Gudang Cabang (Surabaya);14.175.000;;;
BRG-0106;Terima Barang di Gudang;2025-04-07 02.40.00;Gudang Cabang (Surabaya);Kulkas 2 Pintu;Peralatan Rumah Tangga;Gudang Cabang (Surabaya);;105;;
BRG-0106;Tetapkan Harga Jual;2025-04-07 09.40.00;Admin Penjualan;Kulkas 2 Pintu;Peralatan Rumah Tangga;Gudang Cabang (Surabaya);;;16.911.000;19,30
BRG-0106;Barang Siap Dijual;2025-04-07 20.40.00;Gudang Cabang (Surabaya);Kulkas 2 Pintu;Peralatan Rumah Tangga;Gudang Cabang (Surabaya);;105;;
BRG-0107;Pesan Barang ke Pemasok;2025-11-25 18.10.00;CV Mitra Jaya;Mouse Wireless Pro;Aksesoris Komputer;Gudang Cabang (Semarang);4.525.000;;;
BRG-0107;Terima Barang di Gudang;2025-11-30 03.10.00;Gudang Cabang (Semarang);Mouse Wireless Pro;Aksesoris Komputer;Gudang Cabang (Semarang);;235;;
BRG-0107;Tetapkan Harga Jual;2025-12-01 08.10.00;Admin Penjualan;Mouse Wireless Pro;Aksesoris Komputer;Gudang Cabang (Semarang);;;5.909.000;30,59
BRG-0107;Barang Siap Dijual;2025-12-01 20.10.00;Gudang Cabang (Semarang);Mouse Wireless Pro;Aksesoris Komputer;Gudang Cabang (Semarang);;235;;
BRG-0108;Pesan Barang ke Pemasok;2025-09-30 16.20.00;CV Maju Bersama;Kulkas 2 Pintu;Peralatan Rumah Tangga;Gudang Cabang (Makassar);4.575.000;;;
BRG-0108;Terima Barang di Gudang;2025-10-08 20.20.00;Gudang Cabang (Makassar);Kulkas 2 Pintu;Peralatan Rumah Tangga;Gudang Cabang (Makassar);;28;;
BRG-0108;Tetapkan Harga Jual;2025-10-09 19.20.00;Admin Penjualan;Kulkas 2 Pintu;Peralatan Rumah Tangga;Gudang Cabang (Makassar);;;5.929.000;29,59
BRG-0108;Barang Siap Dijual;2025-10-09 21.20.00;Gudang Cabang (Makassar);Kulkas 2 Pintu;Peralatan Rumah Tangga;Gudang Cabang (Makassar);;28;;
BRG-0109;Pesan Barang ke Pemasok;2025-07-31 12.20.00;PT Global Persada;UPS 1200VA;Peralatan Listrik;Gudang Cabang (Bandung);5.650.000;;;
BRG-0109;Terima Barang di Gudang;2025-08-03 21.20.00;Gudang Cabang (Bandung);UPS 1200VA;Peralatan Listrik;Gudang Cabang (Bandung);;194;;
BRG-0109;Tetapkan Harga Jual;2025-08-05 09.20.00;Admin Penjualan;UPS 1200VA;Peralatan Listrik;Gudang Cabang (Bandung);;;6.327.000;11,98
BRG-0109;Barang Siap Dijual;2025-08-05 21.20.00;Gudang Cabang (Bandung);UPS 1200VA;Peralatan Listrik;Gudang Cabang (Bandung);;194;;
BRG-0110;Pesan Barang ke Pemasok;2025-02-01 01.30.00;CV Mitra Jaya;Smart TV 43 Inch;Elektronik;Gudang Cabang (Medan);10.150.000;;;
BRG-0110;Terima Barang di Gudang;2025-02-06 19.30.00;Gudang Cabang (Medan);Smart TV 43 Inch;Elektronik;Gudang Cabang (Medan);;87;;
BRG-0110;Tetapkan Harga Jual;2025-02-07 21.30.00;Admin Penjualan;Smart TV 43 Inch;Elektronik;Gudang Cabang (Medan);;;11.595.000;14,24
BRG-0110;Barang Siap Dijual;2025-02-08 13.30.00;Gudang Cabang (Medan);Smart TV 43 Inch;Elektronik;Gudang Cabang (Medan);;87;;
BRG-0111;Pesan Barang ke Pemasok;2025-02-27 07.50.00;PT Cipta Sarana;Power Bank 20000mAh;Aksesoris Elektronik;Gudang Cabang (Bandung);475.000;;;
BRG-0111;Terima Barang di Gudang;2025-03-07 23.50.00;Gudang Cabang (Bandung);Power Bank 20000mAh;Aksesoris Elektronik;Gudang Cabang (Bandung);;26;;
BRG-0111;Tetapkan Harga Jual;2025-03-08 19.50.00;Admin Penjualan;Power Bank 20000mAh;Aksesoris Elektronik;Gudang Cabang (Bandung);;;607.000;27,79
BRG-0111;Barang Siap Dijual;2025-03-09 12.50.00;Gudang Cabang (Bandung);Power Bank 20000mAh;Aksesoris Elektronik;Gudang Cabang (Bandung);;26;;
BRG-0112;Pesan Barang ke Pemasok;2025-10-08 01.40.00;CV Mitra Jaya;Keyboard Mechanical RGB;Aksesoris Komputer;Gudang Cabang (Medan);4.700.000;;;
BRG-0112;Terima Barang di Gudang;2025-10-16 05.40.00;Gudang Cabang (Medan);Keyboard Mechanical RGB;Aksesoris Komputer;Gudang Cabang (Medan);;240;;
BRG-0112;Tetapkan Harga Jual;2025-10-16 22.40.00;Admin Penjualan;Keyboard Mechanical RGB;Aksesoris Komputer;Gudang Cabang (Medan);;;6.092.000;29,62
BRG-0112;Barang Siap Dijual;2025-10-17 16.40.00;Gudang Cabang (Medan);Keyboard Mechanical RGB;Aksesoris Komputer;Gudang Cabang (Medan);;240;;
BRG-0113;Pesan Barang ke Pemasok;2025-09-04 15.20.00;PT Cipta Sarana;Monitor LED 24 Inch;Elektronik;Gudang Cabang (Semarang);8.200.000;;;
BRG-0113;Terima Barang di Gudang;2025-09-10 02.20.00;Gudang Cabang (Semarang);Monitor LED 24 Inch;Elektronik;Gudang Cabang (Semarang);;219;;
BRG-0113;Tetapkan Harga Jual;2025-09-11 11.20.00;Admin Penjualan;Monitor LED 24 Inch;Elektronik;Gudang Cabang (Semarang);;;9.325.000;13,72
BRG-0113;Barang Siap Dijual;2025-09-11 15.20.00;Gudang Cabang (Semarang);Monitor LED 24 Inch;Elektronik;Gudang Cabang (Semarang);;219;;
BRG-0114;Pesan Barang ke Pemasok;2025-12-11 08.40.00;PT Sinar Teknologi;Kulkas 2 Pintu;Peralatan Rumah Tangga;Gudang Cabang (Makassar);3.025.000;;;
BRG-0114;Terima Barang di Gudang;2025-12-15 00.40.00;Gudang Cabang (Makassar);Kulkas 2 Pintu;Peralatan Rumah Tangga;Gudang Cabang (Makassar);;178;;
BRG-0114;Tetapkan Harga Jual;2025-12-15 20.40.00;Admin Penjualan;Kulkas 2 Pintu;Peralatan Rumah Tangga;Gudang Cabang (Makassar);;;3.668.000;21,24
BRG-0114;Barang Siap Dijual;2025-12-16 14.40.00;Gudang Cabang (Makassar);Kulkas 2 Pintu;Peralatan Rumah Tangga;Gudang Cabang (Makassar);;178;;
BRG-0115;Pesan Barang ke Pemasok;2025-03-01 04.30.00;PT Global Persada;Mouse Wireless Pro;Aksesoris Komputer;Gudang Cabang (Makassar);13.250.000;;;
BRG-0115;Terima Barang di Gudang;2025-03-06 20.30.00;Gudang Cabang (Makassar);Mouse Wireless Pro;Aksesoris Komputer;Gudang Cabang (Makassar);;129;;
BRG-0115;Tetapkan Harga Jual;2025-03-08 02.30.00;Admin Penjualan;Mouse Wireless Pro;Aksesoris Komputer;Gudang Cabang (Makassar);;;16.238.000;22,55
BRG-0115;Barang Siap Dijual;2025-03-08 08.30.00;Gudang Cabang (Makassar);Mouse Wireless Pro;Aksesoris Komputer;Gudang Cabang (Makassar);;129;;
BRG-0116;Pesan Barang ke Pemasok;2025-10-09 15.50.00;CV Prima Elektronik;Tablet 10 Inch;Elektronik;Gudang Cabang (Semarang);5.925.000;;;
BRG-0116;Terima Barang di Gudang;2025-10-11 00.50.00;Gudang Cabang (Semarang);Tablet 10 Inch;Elektronik;Gudang Cabang (Semarang);;320;;
BRG-0116;Tetapkan Harga Jual;2025-10-11 10.50.00;Admin Penjualan;Tablet 10 Inch;Elektronik;Gudang Cabang (Semarang);;;7.496.000;26,51
BRG-0116;Barang Siap Dijual;2025-10-11 22.50.00;Gudang Cabang (Semarang);Tablet 10 Inch;Elektronik;Gudang Cabang (Semarang);;320;;
BRG-0117;Pesan Barang ke Pemasok;2025-08-03 01.30.00;CV Berkah Komputer;Speaker Bluetooth;Elektronik;Gudang Cabang (Makassar);10.325.000;;;
BRG-0117;Terima Barang di Gudang;2025-08-06 11.30.00;Gudang Cabang (Makassar);Speaker Bluetooth;Elektronik;Gudang Cabang (Makassar);;139;;
BRG-0117;Tetapkan Harga Jual;2025-08-08 05.30.00;Admin Penjualan;Speaker Bluetooth;Elektronik;Gudang Cabang (Makassar);;;11.946.000;15,70
BRG-0117;Barang Siap Dijual;2025-08-08 21.30.00;Gudang Cabang (Makassar);Speaker Bluetooth;Elektronik;Gudang Cabang (Makassar);;139;;
BRG-0118;Pesan Barang ke Pemasok;2025-10-10 00.30.00;CV Maju Bersama;Scanner Dokumen A4;Peralatan Kantor;Gudang Cabang (Surabaya);7.375.000;;;
BRG-0118;Terima Barang di Gudang;2025-10-15 06.30.00;Gudang Cabang (Surabaya);Scanner Dokumen A4;Peralatan Kantor;Gudang Cabang (Surabaya);;277;;
BRG-0118;Tetapkan Harga Jual;2025-10-16 13.30.00;Admin Penjualan;Scanner Dokumen A4;Peralatan Kantor;Gudang Cabang (Surabaya);;;9.644.000;30,76
BRG-0118;Barang Siap Dijual;2025-10-16 21.30.00;Gudang Cabang (Surabaya);Scanner Dokumen A4;Peralatan Kantor;Gudang Cabang (Surabaya);;277;;
BRG-0119;Pesan Barang ke Pemasok;2025-01-27 11.40.00;CV Prima Elektronik;Access Point WiFi 6;Peralatan Jaringan;Gudang Cabang (Makassar);10.700.000;;;
BRG-0119;Terima Barang di Gudang;2025-02-03 22.40.00;Gudang Cabang (Makassar);Access Point WiFi 6;Peralatan Jaringan;Gudang Cabang (Makassar);;116;;
BRG-0119;Tetapkan Harga Jual;2025-02-04 07.40.00;Admin Penjualan;Access Point WiFi 6;Peralatan Jaringan;Gudang Cabang (Makassar);;;12.858.000;20,17
BRG-0119;Barang Siap Dijual;2025-02-04 13.40.00;Gudang Cabang (Makassar);Access Point WiFi 6;Peralatan Jaringan;Gudang Cabang (Makassar);;116;;
BRG-0120;Pesan Barang ke Pemasok;2025-02-06 22.10.00;PT Nusantara Digital;Scanner Dokumen A4;Peralatan Kantor;Gudang Cabang (Surabaya);10.550.000;;;
BRG-0120;Terima Barang di Gudang;2025-02-14 04.10.00;Gudang Cabang (Surabaya);Scanner Dokumen A4;Peralatan Kantor;Gudang Cabang (Surabaya);;229;;
BRG-0120;Tetapkan Harga Jual;2025-02-14 16.10.00;Admin Penjualan;Scanner Dokumen A4;Peralatan Kantor;Gudang Cabang (Surabaya);;;12.251.000;16,12
BRG-0120;Barang Siap Dijual;2025-02-14 19.10.00;Gudang Cabang (Surabaya);Scanner Dokumen A4;Peralatan Kantor;Gudang Cabang (Surabaya);;229;;
BRG-0121;Pesan Barang ke Pemasok;2025-05-19 00.00.00;CV Prima Elektronik;Kulkas 2 Pintu;Peralatan Rumah Tangga;Gudang Cabang (Bandung);11.475.000;;;
BRG-0121;Terima Barang di Gudang;2025-05-25 07.00.00;Gudang Cabang (Bandung);Kulkas 2 Pintu;Peralatan Rumah Tangga;Gudang Cabang (Bandung);;193;;
BRG-0121;Tetapkan Harga Jual;2025-05-27 05.00.00;Admin Penjualan;Kulkas 2 Pintu;Peralatan Rumah Tangga;Gudang Cabang (Bandung);;;12.804.000;11,58
BRG-0121;Barang Siap Dijual;2025-05-27 11.00.00;Gudang Cabang (Bandung);Kulkas 2 Pintu;Peralatan Rumah Tangga;Gudang Cabang (Bandung);;193;;
BRG-0122;Pesan Barang ke Pemasok;2025-12-07 02.40.00;CV Sentral Niaga;Switch 24 Port;Peralatan Jaringan;Gudang Utama (Jakarta);9.400.000;;;
BRG-0122;Terima Barang di Gudang;2025-12-09 05.40.00;Gudang Utama (Jakarta);Switch 24 Port;Peralatan Jaringan;Gudang Utama (Jakarta);;291;;
BRG-0122;Tetapkan Harga Jual;2025-12-10 08.40.00;Admin Penjualan;Switch 24 Port;Peralatan Jaringan;Gudang Utama (Jakarta);;;10.295.000;9,52
BRG-0122;Barang Siap Dijual;2025-12-10 21.40.00;Gudang Utama (Jakarta);Switch 24 Port;Peralatan Jaringan;Gudang Utama (Jakarta);;291;;
BRG-0123;Pesan Barang ke Pemasok;2025-06-13 13.50.00;CV Berkah Komputer;Keyboard Mechanical RGB;Aksesoris Komputer;Gudang Cabang (Semarang);1.150.000;;;
BRG-0123;Terima Barang di Gudang;2025-06-20 04.50.00;Gudang Cabang (Semarang);Keyboard Mechanical RGB;Aksesoris Komputer;Gudang Cabang (Semarang);;304;;
BRG-0123;Tetapkan Harga Jual;2025-06-20 18.50.00;Admin Penjualan;Keyboard Mechanical RGB;Aksesoris Komputer;Gudang Cabang (Semarang);;;1.467.000;27,55
BRG-0123;Barang Siap Dijual;2025-06-21 00.50.00;Gudang Cabang (Semarang);Keyboard Mechanical RGB;Aksesoris Komputer;Gudang Cabang (Semarang);;304;;
BRG-0124;Pesan Barang ke Pemasok;2025-10-20 00.30.00;CV Prima Elektronik;UPS 1200VA;Peralatan Listrik;Gudang Cabang (Makassar);10.300.000;;;
BRG-0124;Terima Barang di Gudang;2025-10-28 17.30.00;Gudang Cabang (Makassar);UPS 1200VA;Peralatan Listrik;Gudang Cabang (Makassar);;114;;
BRG-0124;Tetapkan Harga Jual;2025-10-29 11.30.00;Admin Penjualan;UPS 1200VA;Peralatan Listrik;Gudang Cabang (Makassar);;;12.564.000;21,98
BRG-0124;Barang Siap Dijual;2025-10-29 15.30.00;Gudang Cabang (Makassar);UPS 1200VA;Peralatan Listrik;Gudang Cabang (Makassar);;114;;
BRG-0125;Pesan Barang ke Pemasok;2025-08-07 13.50.00;PT Global Persada;Access Point WiFi 6;Peralatan Jaringan;Gudang Cabang (Makassar);12.600.000;;;
BRG-0125;Terima Barang di Gudang;2025-08-12 01.50.00;Gudang Cabang (Makassar);Access Point WiFi 6;Peralatan Jaringan;Gudang Cabang (Makassar);;305;;
BRG-0125;Tetapkan Harga Jual;2025-08-14 00.50.00;Admin Penjualan;Access Point WiFi 6;Peralatan Jaringan;Gudang Cabang (Makassar);;;16.566.000;31,48
BRG-0125;Barang Siap Dijual;2025-08-14 04.50.00;Gudang Cabang (Makassar);Access Point WiFi 6;Peralatan Jaringan;Gudang Cabang (Makassar);;305;;
BRG-0126;Pesan Barang ke Pemasok;2025-03-12 03.00.00;PT Cipta Sarana;Smart TV 43 Inch;Elektronik;Gudang Cabang (Surabaya);2.775.000;;;
BRG-0126;Terima Barang di Gudang;2025-03-20 08.00.00;Gudang Cabang (Surabaya);Smart TV 43 Inch;Elektronik;Gudang Cabang (Surabaya);;26;;
BRG-0126;Tetapkan Harga Jual;2025-03-21 20.00.00;Admin Penjualan;Smart TV 43 Inch;Elektronik;Gudang Cabang (Surabaya);;;3.164.000;14,00
BRG-0126;Barang Siap Dijual;2025-03-22 01.00.00;Gudang Cabang (Surabaya);Smart TV 43 Inch;Elektronik;Gudang Cabang (Surabaya);;26;;
BRG-0127;Pesan Barang ke Pemasok;2025-11-29 21.30.00;CV Mitra Jaya;Speaker Bluetooth;Elektronik;Gudang Utama (Jakarta);5.475.000;;;
BRG-0127;Terima Barang di Gudang;2025-12-01 10.30.00;Gudang Utama (Jakarta);Speaker Bluetooth;Elektronik;Gudang Utama (Jakarta);;229;;
BRG-0127;Tetapkan Harga Jual;2025-12-02 08.30.00;Admin Penjualan;Speaker Bluetooth;Elektronik;Gudang Utama (Jakarta);;;5.935.000;8,41
BRG-0127;Barang Siap Dijual;2025-12-02 13.30.00;Gudang Utama (Jakarta);Speaker Bluetooth;Elektronik;Gudang Utama (Jakarta);;229;;
BRG-0128;Pesan Barang ke Pemasok;2025-01-26 21.40.00;PT Andalan Logistik;Printer LaserJet;Peralatan Kantor;Gudang Cabang (Bandung);3.700.000;;;
BRG-0128;Terima Barang di Gudang;2025-01-28 06.40.00;Gudang Cabang (Bandung);Printer LaserJet;Peralatan Kantor;Gudang Cabang (Bandung);;138;;
BRG-0128;Tetapkan Harga Jual;2025-01-29 00.40.00;Admin Penjualan;Printer LaserJet;Peralatan Kantor;Gudang Cabang (Bandung);;;4.458.000;20,49
BRG-0128;Barang Siap Dijual;2025-01-29 08.40.00;Gudang Cabang (Bandung);Printer LaserJet;Peralatan Kantor;Gudang Cabang (Bandung);;138;;
BRG-0129;Pesan Barang ke Pemasok;2025-07-23 05.00.00;CV Sentral Niaga;UPS 1200VA;Peralatan Listrik;Gudang Cabang (Makassar);14.150.000;;;
BRG-0129;Terima Barang di Gudang;2025-07-31 08.00.00;Gudang Cabang (Makassar);UPS 1200VA;Peralatan Listrik;Gudang Cabang (Makassar);;346;;
BRG-0129;Tetapkan Harga Jual;2025-08-02 05.00.00;Admin Penjualan;UPS 1200VA;Peralatan Listrik;Gudang Cabang (Makassar);;;17.631.000;24,60
BRG-0129;Barang Siap Dijual;2025-08-02 13.00.00;Gudang Cabang (Makassar);UPS 1200VA;Peralatan Listrik;Gudang Cabang (Makassar);;346;;
BRG-0130;Pesan Barang ke Pemasok;2025-12-03 12.40.00;PT Nusantara Digital;Monitor LED 24 Inch;Elektronik;Gudang Utama (Jakarta);4.450.000;;;
BRG-0130;Terima Barang di Gudang;2025-12-08 00.40.00;Gudang Utama (Jakarta);Monitor LED 24 Inch;Elektronik;Gudang Utama (Jakarta);;188;;
BRG-0130;Tetapkan Harga Jual;2025-12-08 06.40.00;Admin Penjualan;Monitor LED 24 Inch;Elektronik;Gudang Utama (Jakarta);;;5.720.000;28,55
BRG-0130;Barang Siap Dijual;2025-12-08 13.40.00;Gudang Utama (Jakarta);Monitor LED 24 Inch;Elektronik;Gudang Utama (Jakarta);;188;;
BRG-0131;Pesan Barang ke Pemasok;2025-12-25 09.30.00;PT Cipta Sarana;Kamera CCTV 4MP;Keamanan;Gudang Cabang (Semarang);7.600.000;;;
BRG-0131;Terima Barang di Gudang;2026-01-01 18.30.00;Gudang Cabang (Semarang);Kamera CCTV 4MP;Keamanan;Gudang Cabang (Semarang);;83;;
BRG-0131;Tetapkan Harga Jual;2026-01-02 03.30.00;Admin Penjualan;Kamera CCTV 4MP;Keamanan;Gudang Cabang (Semarang);;;8.991.000;18,30
BRG-0131;Barang Siap Dijual;2026-01-02 20.30.00;Gudang Cabang (Semarang);Kamera CCTV 4MP;Keamanan;Gudang Cabang (Semarang);;83;;
BRG-0132;Pesan Barang ke Pemasok;2025-05-03 21.10.00;CV Mitra Jaya;Speaker Bluetooth;Elektronik;Gudang Cabang (Semarang);725.000;;;
BRG-0132;Terima Barang di Gudang;2025-05-05 22.10.00;Gudang Cabang (Semarang);Speaker Bluetooth;Elektronik;Gudang Cabang (Semarang);;49;;
BRG-0132;Tetapkan Harga Jual;2025-05-06 22.10.00;Admin Penjualan;Speaker Bluetooth;Elektronik;Gudang Cabang (Semarang);;;898.000;23,85
BRG-0132;Barang Siap Dijual;2025-05-07 07.10.00;Gudang Cabang (Semarang);Speaker Bluetooth;Elektronik;Gudang Cabang (Semarang);;49;;
BRG-0133;Pesan Barang ke Pemasok;2025-07-24 09.20.00;CV Maju Bersama;Monitor LED 24 Inch;Elektronik;Gudang Cabang (Semarang);9.825.000;;;
BRG-0133;Terima Barang di Gudang;2025-08-01 10.20.00;Gudang Cabang (Semarang);Monitor LED 24 Inch;Elektronik;Gudang Cabang (Semarang);;88;;
BRG-0133;Tetapkan Harga Jual;2025-08-02 22.20.00;Admin Penjualan;Monitor LED 24 Inch;Elektronik;Gudang Cabang (Semarang);;;12.058.000;22,73
BRG-0133;Barang Siap Dijual;2025-08-03 06.20.00;Gudang Cabang (Semarang);Monitor LED 24 Inch;Elektronik;Gudang Cabang (Semarang);;88;;
BRG-0134;Pesan Barang ke Pemasok;2025-08-05 15.50.00;CV Mitra Jaya;Router AX3000;Peralatan Jaringan;Gudang Cabang (Bandung);10.150.000;;;
BRG-0134;Terima Barang di Gudang;2025-08-11 02.50.00;Gudang Cabang (Bandung);Router AX3000;Peralatan Jaringan;Gudang Cabang (Bandung);;308;;
BRG-0134;Tetapkan Harga Jual;2025-08-12 15.50.00;Admin Penjualan;Router AX3000;Peralatan Jaringan;Gudang Cabang (Bandung);;;13.332.000;31,35
BRG-0134;Barang Siap Dijual;2025-08-13 03.50.00;Gudang Cabang (Bandung);Router AX3000;Peralatan Jaringan;Gudang Cabang (Bandung);;308;;
BRG-0135;Pesan Barang ke Pemasok;2025-04-09 05.30.00;CV Prima Elektronik;DVR 16 Channel;Keamanan;Gudang Cabang (Bandung);13.450.000;;;
BRG-0135;Terima Barang di Gudang;2025-04-12 13.30.00;Gudang Cabang (Bandung);DVR 16 Channel;Keamanan;Gudang Cabang (Bandung);;62;;
BRG-0135;Tetapkan Harga Jual;2025-04-13 10.30.00;Admin Penjualan;DVR 16 Channel;Keamanan;Gudang Cabang (Bandung);;;15.324.000;13,93
BRG-0135;Barang Siap Dijual;2025-04-13 20.30.00;Gudang Cabang (Bandung);DVR 16 Channel;Keamanan;Gudang Cabang (Bandung);;62;;
BRG-0136;Pesan Barang ke Pemasok;2025-05-05 14.20.00;CV Prima Elektronik;Speaker Bluetooth;Elektronik;Gudang Utama (Jakarta);1.825.000;;;
BRG-0136;Terima Barang di Gudang;2025-05-10 18.20.00;Gudang Utama (Jakarta);Speaker Bluetooth;Elektronik;Gudang Utama (Jakarta);;148;;
BRG-0136;Tetapkan Harga Jual;2025-05-12 04.20.00;Admin Penjualan;Speaker Bluetooth;Elektronik;Gudang Utama (Jakarta);;;2.179.000;19,42
BRG-0136;Barang Siap Dijual;2025-05-12 06.20.00;Gudang Utama (Jakarta);Speaker Bluetooth;Elektronik;Gudang Utama (Jakarta);;148;;
BRG-0137;Pesan Barang ke Pemasok;2025-01-22 12.00.00;PT Sinar Teknologi;Monitor LED 24 Inch;Elektronik;Gudang Cabang (Makassar);6.800.000;;;
BRG-0137;Terima Barang di Gudang;2025-01-27 03.00.00;Gudang Cabang (Makassar);Monitor LED 24 Inch;Elektronik;Gudang Cabang (Makassar);;178;;
BRG-0137;Tetapkan Harga Jual;2025-01-27 16.00.00;Admin Penjualan;Monitor LED 24 Inch;Elektronik;Gudang Cabang (Makassar);;;8.849.000;30,13
BRG-0137;Barang Siap Dijual;2025-01-28 03.00.00;Gudang Cabang (Makassar);Monitor LED 24 Inch;Elektronik;Gudang Cabang (Makassar);;178;;
BRG-0138;Pesan Barang ke Pemasok;2025-11-04 06.30.00;PT Andalan Logistik;Access Point WiFi 6;Peralatan Jaringan;Gudang Cabang (Medan);13.950.000;;;
BRG-0138;Terima Barang di Gudang;2025-11-12 20.30.00;Gudang Cabang (Medan);Access Point WiFi 6;Peralatan Jaringan;Gudang Cabang (Medan);;48;;
BRG-0138;Tetapkan Harga Jual;2025-11-13 04.30.00;Admin Penjualan;Access Point WiFi 6;Peralatan Jaringan;Gudang Cabang (Medan);;;17.715.000;26,99
BRG-0138;Barang Siap Dijual;2025-11-13 12.30.00;Gudang Cabang (Medan);Access Point WiFi 6;Peralatan Jaringan;Gudang Cabang (Medan);;48;;
BRG-0139;Pesan Barang ke Pemasok;2025-01-16 08.40.00;CV Sentral Niaga;Keyboard Mechanical RGB;Aksesoris Komputer;Gudang Cabang (Medan);3.200.000;;;
BRG-0139;Terima Barang di Gudang;2025-01-22 09.40.00;Gudang Cabang (Medan);Keyboard Mechanical RGB;Aksesoris Komputer;Gudang Cabang (Medan);;196;;
BRG-0139;Tetapkan Harga Jual;2025-01-24 00.40.00;Admin Penjualan;Keyboard Mechanical RGB;Aksesoris Komputer;Gudang Cabang (Medan);;;4.069.000;27,16
BRG-0139;Barang Siap Dijual;2025-01-24 08.40.00;Gudang Cabang (Medan);Keyboard Mechanical RGB;Aksesoris Komputer;Gudang Cabang (Medan);;196;;
BRG-0140;Pesan Barang ke Pemasok;2025-07-11 20.10.00;CV Prima Elektronik;Smart TV 43 Inch;Elektronik;Gudang Cabang (Semarang);7.025.000;;;
BRG-0140;Terima Barang di Gudang;2025-07-14 06.10.00;Gudang Cabang (Semarang);Smart TV 43 Inch;Elektronik;Gudang Cabang (Semarang);;206;;
BRG-0140;Tetapkan Harga Jual;2025-07-15 11.10.00;Admin Penjualan;Smart TV 43 Inch;Elektronik;Gudang Cabang (Semarang);;;9.010.000;28,25
BRG-0140;Barang Siap Dijual;2025-07-16 00.10.00;Gudang Cabang (Semarang);Smart TV 43 Inch;Elektronik;Gudang Cabang (Semarang);;206;;
BRG-0141;Pesan Barang ke Pemasok;2025-02-11 20.40.00;CV Prima Elektronik;Router AX3000;Peralatan Jaringan;Gudang Cabang (Makassar);1.300.000;;;
BRG-0141;Terima Barang di Gudang;2025-02-13 21.40.00;Gudang Cabang (Makassar);Router AX3000;Peralatan Jaringan;Gudang Cabang (Makassar);;23;;
BRG-0141;Tetapkan Harga Jual;2025-02-13 23.40.00;Admin Penjualan;Router AX3000;Peralatan Jaringan;Gudang Cabang (Makassar);;;1.687.000;29,78
BRG-0141;Barang Siap Dijual;2025-02-14 10.40.00;Gudang Cabang (Makassar);Router AX3000;Peralatan Jaringan;Gudang Cabang (Makassar);;23;;
BRG-0142;Pesan Barang ke Pemasok;2025-09-29 01.00.00;CV Sentral Niaga;Smart TV 43 Inch;Elektronik;Gudang Utama (Jakarta);1.300.000;;;
BRG-0142;Terima Barang di Gudang;2025-10-03 19.00.00;Gudang Utama (Jakarta);Smart TV 43 Inch;Elektronik;Gudang Utama (Jakarta);;34;;
BRG-0142;Tetapkan Harga Jual;2025-10-04 10.00.00;Admin Penjualan;Smart TV 43 Inch;Elektronik;Gudang Utama (Jakarta);;;1.585.000;21,90
BRG-0142;Barang Siap Dijual;2025-10-04 21.00.00;Gudang Utama (Jakarta);Smart TV 43 Inch;Elektronik;Gudang Utama (Jakarta);;34;;
BRG-0143;Pesan Barang ke Pemasok;2025-08-29 11.30.00;PT Sinar Teknologi;Keyboard Mechanical RGB;Aksesoris Komputer;Gudang Cabang (Semarang);7.200.000;;;
BRG-0143;Terima Barang di Gudang;2025-09-04 21.30.00;Gudang Cabang (Semarang);Keyboard Mechanical RGB;Aksesoris Komputer;Gudang Cabang (Semarang);;269;;
BRG-0143;Tetapkan Harga Jual;2025-09-05 08.30.00;Admin Penjualan;Keyboard Mechanical RGB;Aksesoris Komputer;Gudang Cabang (Semarang);;;8.420.000;16,95
BRG-0143;Barang Siap Dijual;2025-09-05 12.30.00;Gudang Cabang (Semarang);Keyboard Mechanical RGB;Aksesoris Komputer;Gudang Cabang (Semarang);;269;;
BRG-0144;Pesan Barang ke Pemasok;2025-12-08 08.20.00;PT Cipta Sarana;Kamera CCTV 4MP;Keamanan;Gudang Utama (Jakarta);12.000.000;;;
BRG-0144;Terima Barang di Gudang;2025-12-15 14.20.00;Gudang Utama (Jakarta);Kamera CCTV 4MP;Keamanan;Gudang Utama (Jakarta);;259;;
BRG-0144;Tetapkan Harga Jual;2025-12-16 04.20.00;Admin Penjualan;Kamera CCTV 4MP;Keamanan;Gudang Utama (Jakarta);;;15.311.000;27,59
BRG-0144;Barang Siap Dijual;2025-12-16 15.20.00;Gudang Utama (Jakarta);Kamera CCTV 4MP;Keamanan;Gudang Utama (Jakarta);;259;;
BRG-0145;Pesan Barang ke Pemasok;2025-07-20 13.00.00;PT Sinar Teknologi;Smartphone Pro;Elektronik;Gudang Cabang (Bandung);6.300.000;;;
BRG-0145;Terima Barang di Gudang;2025-07-27 15.00.00;Gudang Cabang (Bandung);Smartphone Pro;Elektronik;Gudang Cabang (Bandung);;144;;
BRG-0145;Tetapkan Harga Jual;2025-07-27 22.00.00;Admin Penjualan;Smartphone Pro;Elektronik;Gudang Cabang (Bandung);;;7.657.000;21,54
BRG-0145;Barang Siap Dijual;2025-07-28 15.00.00;Gudang Cabang (Bandung);Smartphone Pro;Elektronik;Gudang Cabang (Bandung);;144;;
BRG-0146;Pesan Barang ke Pemasok;2025-09-05 08.10.00;CV Maju Bersama;Monitor LED 24 Inch;Elektronik;Gudang Cabang (Medan);6.300.000;;;
BRG-0146;Terima Barang di Gudang;2025-09-13 23.10.00;Gudang Cabang (Medan);Monitor LED 24 Inch;Elektronik;Gudang Cabang (Medan);;178;;
BRG-0146;Tetapkan Harga Jual;2025-09-15 23.10.00;Admin Penjualan;Monitor LED 24 Inch;Elektronik;Gudang Cabang (Medan);;;8.153.000;29,42
BRG-0146;Barang Siap Dijual;2025-09-16 03.10.00;Gudang Cabang (Medan);Monitor LED 24 Inch;Elektronik;Gudang Cabang (Medan);;178;;
BRG-0147;Pesan Barang ke Pemasok;2025-06-24 09.30.00;PT Cipta Sarana;UPS 1200VA;Peralatan Listrik;Gudang Cabang (Bandung);7.975.000;;;
BRG-0147;Terima Barang di Gudang;2025-06-28 15.30.00;Gudang Cabang (Bandung);UPS 1200VA;Peralatan Listrik;Gudang Cabang (Bandung);;244;;
BRG-0147;Tetapkan Harga Jual;2025-06-30 15.30.00;Admin Penjualan;UPS 1200VA;Peralatan Listrik;Gudang Cabang (Bandung);;;8.768.000;9,94
BRG-0147;Barang Siap Dijual;2025-07-01 03.30.00;Gudang Cabang (Bandung);UPS 1200VA;Peralatan Listrik;Gudang Cabang (Bandung);;244;;
BRG-0148;Pesan Barang ke Pemasok;2025-01-25 11.00.00;PT Nusantara Digital;Access Point WiFi 6;Peralatan Jaringan;Gudang Cabang (Semarang);14.475.000;;;
BRG-0148;Terima Barang di Gudang;2025-02-01 15.00.00;Gudang Cabang (Semarang);Access Point WiFi 6;Peralatan Jaringan;Gudang Cabang (Semarang);;195;;
BRG-0148;Tetapkan Harga Jual;2025-02-03 08.00.00;Admin Penjualan;Access Point WiFi 6;Peralatan Jaringan;Gudang Cabang (Semarang);;;17.483.000;20,78
BRG-0148;Barang Siap Dijual;2025-02-03 21.00.00;Gudang Cabang (Semarang);Access Point WiFi 6;Peralatan Jaringan;Gudang Cabang (Semarang);;195;;
BRG-0149;Pesan Barang ke Pemasok;2025-10-25 16.20.00;CV Maju Bersama;Router AX3000;Peralatan Jaringan;Gudang Cabang (Makassar);4.025.000;;;
BRG-0149;Terima Barang di Gudang;2025-10-26 23.20.00;Gudang Cabang (Makassar);Router AX3000;Peralatan Jaringan;Gudang Cabang (Makassar);;182;;
BRG-0149;Tetapkan Harga Jual;2025-10-28 11.20.00;Admin Penjualan;Router AX3000;Peralatan Jaringan;Gudang Cabang (Makassar);;;4.574.000;13,65
BRG-0149;Barang Siap Dijual;2025-10-29 02.20.00;Gudang Cabang (Makassar);Router AX3000;Peralatan Jaringan;Gudang Cabang (Makassar);;182;;
BRG-0150;Pesan Barang ke Pemasok;2025-02-21 05.40.00;CV Sentral Niaga;Smart TV 43 Inch;Elektronik;Gudang Cabang (Makassar);12.375.000;;;
BRG-0150;Terima Barang di Gudang;2025-03-01 07.40.00;Gudang Cabang (Makassar);Smart TV 43 Inch;Elektronik;Gudang Cabang (Makassar);;80;;
BRG-0150;Tetapkan Harga Jual;2025-03-03 07.40.00;Admin Penjualan;Smart TV 43 Inch;Elektronik;Gudang Cabang (Makassar);;;15.206.000;22,88
BRG-0150;Barang Siap Dijual;2025-03-03 22.40.00;Gudang Cabang (Makassar);Smart TV 43 Inch;Elektronik;Gudang Cabang (Makassar);;80;;
BRG-0151;Pesan Barang ke Pemasok;2025-10-17 17.40.00;PT Nusantara Digital;Power Bank 20000mAh;Aksesoris Elektronik;Gudang Utama (Jakarta);8.300.000;;;
BRG-0151;Terima Barang di Gudang;2025-10-24 10.40.00;Gudang Utama (Jakarta);Power Bank 20000mAh;Aksesoris Elektronik;Gudang Utama (Jakarta);;76;;
BRG-0151;Tetapkan Harga Jual;2025-10-25 08.40.00;Admin Penjualan;Power Bank 20000mAh;Aksesoris Elektronik;Gudang Utama (Jakarta);;;10.003.000;20,52
BRG-0151;Barang Siap Dijual;2025-10-25 15.40.00;Gudang Utama (Jakarta);Power Bank 20000mAh;Aksesoris Elektronik;Gudang Utama (Jakarta);;76;;
BRG-0152;Pesan Barang ke Pemasok;2025-09-04 11.20.00;CV Mitra Jaya;Keyboard Mechanical RGB;Aksesoris Komputer;Gudang Cabang (Surabaya);5.025.000;;;
BRG-0152;Terima Barang di Gudang;2025-09-12 05.20.00;Gudang Cabang (Surabaya);Keyboard Mechanical RGB;Aksesoris Komputer;Gudang Cabang (Surabaya);;163;;
BRG-0152;Tetapkan Harga Jual;2025-09-13 23.20.00;Admin Penjualan;Keyboard Mechanical RGB;Aksesoris Komputer;Gudang Cabang (Surabaya);;;6.122.000;21,83
BRG-0152;Barang Siap Dijual;2025-09-14 08.20.00;Gudang Cabang (Surabaya);Keyboard Mechanical RGB;Aksesoris Komputer;Gudang Cabang (Surabaya);;163;;
BRG-0153;Pesan Barang ke Pemasok;2025-09-12 07.30.00;CV Mitra Jaya;Air Purifier;Peralatan Rumah Tangga;Gudang Utama (Jakarta);7.325.000;;;
BRG-0153;Terima Barang di Gudang;2025-09-18 23.30.00;Gudang Utama (Jakarta);Air Purifier;Peralatan Rumah Tangga;Gudang Utama (Jakarta);;336;;
BRG-0153;Tetapkan Harga Jual;2025-09-19 05.30.00;Admin Penjualan;Air Purifier;Peralatan Rumah Tangga;Gudang Utama (Jakarta);;;8.638.000;17,92
BRG-0153;Barang Siap Dijual;2025-09-19 09.30.00;Gudang Utama (Jakarta);Air Purifier;Peralatan Rumah Tangga;Gudang Utama (Jakarta);;336;;
BRG-0154;Pesan Barang ke Pemasok;2025-03-21 21.10.00;PT Cipta Sarana;Air Purifier;Peralatan Rumah Tangga;Gudang Cabang (Semarang);7.250.000;;;
BRG-0154;Terima Barang di Gudang;2025-03-23 22.10.00;Gudang Cabang (Semarang);Air Purifier;Peralatan Rumah Tangga;Gudang Cabang (Semarang);;326;;
BRG-0154;Tetapkan Harga Jual;2025-03-25 18.10.00;Admin Penjualan;Air Purifier;Peralatan Rumah Tangga;Gudang Cabang (Semarang);;;8.865.000;22,28
BRG-0154;Barang Siap Dijual;2025-03-26 00.10.00;Gudang Cabang (Semarang);Air Purifier;Peralatan Rumah Tangga;Gudang Cabang (Semarang);;326;;
BRG-0155;Pesan Barang ke Pemasok;2025-12-07 11.20.00;CV Berkah Komputer;Smartphone Pro;Elektronik;Gudang Cabang (Makassar);12.925.000;;;
BRG-0155;Terima Barang di Gudang;2025-12-09 22.20.00;Gudang Cabang (Makassar);Smartphone Pro;Elektronik;Gudang Cabang (Makassar);;173;;
BRG-0155;Tetapkan Harga Jual;2025-12-11 11.20.00;Admin Penjualan;Smartphone Pro;Elektronik;Gudang Cabang (Makassar);;;15.878.000;22,85
BRG-0155;Barang Siap Dijual;2025-12-11 22.20.00;Gudang Cabang (Makassar);Smartphone Pro;Elektronik;Gudang Cabang (Makassar);;173;;
BRG-0156;Pesan Barang ke Pemasok;2025-10-19 21.50.00;PT Andalan Logistik;Tablet 10 Inch;Elektronik;Gudang Cabang (Bandung);7.325.000;;;
BRG-0156;Terima Barang di Gudang;2025-10-27 06.50.00;Gudang Cabang (Bandung);Tablet 10 Inch;Elektronik;Gudang Cabang (Bandung);;106;;
BRG-0156;Tetapkan Harga Jual;2025-10-29 00.50.00;Admin Penjualan;Tablet 10 Inch;Elektronik;Gudang Cabang (Bandung);;;9.379.000;28,04
BRG-0156;Barang Siap Dijual;2025-10-29 03.50.00;Gudang Cabang (Bandung);Tablet 10 Inch;Elektronik;Gudang Cabang (Bandung);;106;;
BRG-0157;Pesan Barang ke Pemasok;2025-04-07 04.40.00;PT Nusantara Digital;Laptop Gaming X15;Elektronik;Gudang Utama (Jakarta);3.400.000;;;
BRG-0157;Terima Barang di Gudang;2025-04-10 09.40.00;Gudang Utama (Jakarta);Laptop Gaming X15;Elektronik;Gudang Utama (Jakarta);;286;;
BRG-0157;Tetapkan Harga Jual;2025-04-11 23.40.00;Admin Penjualan;Laptop Gaming X15;Elektronik;Gudang Utama (Jakarta);;;4.083.000;20,08
BRG-0157;Barang Siap Dijual;2025-04-12 15.40.00;Gudang Utama (Jakarta);Laptop Gaming X15;Elektronik;Gudang Utama (Jakarta);;286;;
BRG-0158;Pesan Barang ke Pemasok;2025-09-24 03.30.00;PT Global Persada;Kulkas 2 Pintu;Peralatan Rumah Tangga;Gudang Utama (Jakarta);4.175.000;;;
BRG-0158;Terima Barang di Gudang;2025-09-29 06.30.00;Gudang Utama (Jakarta);Kulkas 2 Pintu;Peralatan Rumah Tangga;Gudang Utama (Jakarta);;282;;
BRG-0158;Tetapkan Harga Jual;2025-09-30 23.30.00;Admin Penjualan;Kulkas 2 Pintu;Peralatan Rumah Tangga;Gudang Utama (Jakarta);;;5.306.000;27,08
BRG-0158;Barang Siap Dijual;2025-10-01 06.30.00;Gudang Utama (Jakarta);Kulkas 2 Pintu;Peralatan Rumah Tangga;Gudang Utama (Jakarta);;282;;
BRG-0159;Pesan Barang ke Pemasok;2025-11-26 05.30.00;CV Berkah Komputer;Power Bank 20000mAh;Aksesoris Elektronik;Gudang Cabang (Bandung);9.000.000;;;
BRG-0159;Terima Barang di Gudang;2025-11-28 13.30.00;Gudang Cabang (Bandung);Power Bank 20000mAh;Aksesoris Elektronik;Gudang Cabang (Bandung);;140;;
BRG-0159;Tetapkan Harga Jual;2025-11-28 22.30.00;Admin Penjualan;Power Bank 20000mAh;Aksesoris Elektronik;Gudang Cabang (Bandung);;;11.020.000;22,45
BRG-0159;Barang Siap Dijual;2025-11-29 10.30.00;Gudang Cabang (Bandung);Power Bank 20000mAh;Aksesoris Elektronik;Gudang Cabang (Bandung);;140;;
BRG-0160;Pesan Barang ke Pemasok;2025-10-01 10.20.00;CV Mitra Jaya;Kulkas 2 Pintu;Peralatan Rumah Tangga;Gudang Cabang (Medan);1.100.000;;;
BRG-0160;Terima Barang di Gudang;2025-10-03 14.20.00;Gudang Cabang (Medan);Kulkas 2 Pintu;Peralatan Rumah Tangga;Gudang Cabang (Medan);;306;;
BRG-0160;Tetapkan Harga Jual;2025-10-04 21.20.00;Admin Penjualan;Kulkas 2 Pintu;Peralatan Rumah Tangga;Gudang Cabang (Medan);;;1.293.000;17,53
BRG-0160;Barang Siap Dijual;2025-10-05 10.20.00;Gudang Cabang (Medan);Kulkas 2 Pintu;Peralatan Rumah Tangga;Gudang Cabang (Medan);;306;;
BRG-0161;Pesan Barang ke Pemasok;2025-11-12 13.50.00;CV Berkah Komputer;Smart TV 43 Inch;Elektronik;Gudang Cabang (Surabaya);8.600.000;;;
BRG-0161;Terima Barang di Gudang;2025-11-19 04.50.00;Gudang Cabang (Surabaya);Smart TV 43 Inch;Elektronik;Gudang Cabang (Surabaya);;253;;
BRG-0161;Tetapkan Harga Jual;2025-11-21 03.50.00;Admin Penjualan;Smart TV 43 Inch;Elektronik;Gudang Cabang (Surabaya);;;11.225.000;30,52
BRG-0161;Barang Siap Dijual;2025-11-21 10.50.00;Gudang Cabang (Surabaya);Smart TV 43 Inch;Elektronik;Gudang Cabang (Surabaya);;253;;
BRG-0162;Pesan Barang ke Pemasok;2025-08-25 22.30.00;CV Prima Elektronik;Power Bank 20000mAh;Aksesoris Elektronik;Gudang Cabang (Bandung);7.700.000;;;
BRG-0162;Terima Barang di Gudang;2025-09-03 15.30.00;Gudang Cabang (Bandung);Power Bank 20000mAh;Aksesoris Elektronik;Gudang Cabang (Bandung);;257;;
BRG-0162;Tetapkan Harga Jual;2025-09-04 05.30.00;Admin Penjualan;Power Bank 20000mAh;Aksesoris Elektronik;Gudang Cabang (Bandung);;;8.791.000;14,17
BRG-0162;Barang Siap Dijual;2025-09-04 16.30.00;Gudang Cabang (Bandung);Power Bank 20000mAh;Aksesoris Elektronik;Gudang Cabang (Bandung);;257;;
BRG-0163;Pesan Barang ke Pemasok;2025-12-30 19.20.00;PT Cipta Sarana;Power Bank 20000mAh;Aksesoris Elektronik;Gudang Utama (Jakarta);5.275.000;;;
BRG-0163;Terima Barang di Gudang;2026-01-03 12.20.00;Gudang Utama (Jakarta);Power Bank 20000mAh;Aksesoris Elektronik;Gudang Utama (Jakarta);;108;;
BRG-0163;Tetapkan Harga Jual;2026-01-03 18.20.00;Admin Penjualan;Power Bank 20000mAh;Aksesoris Elektronik;Gudang Utama (Jakarta);;;5.963.000;13,05
BRG-0163;Barang Siap Dijual;2026-01-04 08.20.00;Gudang Utama (Jakarta);Power Bank 20000mAh;Aksesoris Elektronik;Gudang Utama (Jakarta);;108;;
BRG-0164;Pesan Barang ke Pemasok;2025-11-07 09.00.00;CV Prima Elektronik;Power Bank 20000mAh;Aksesoris Elektronik;Gudang Cabang (Medan);13.425.000;;;
BRG-0164;Terima Barang di Gudang;2025-11-15 11.00.00;Gudang Cabang (Medan);Power Bank 20000mAh;Aksesoris Elektronik;Gudang Cabang (Medan);;112;;
BRG-0164;Tetapkan Harga Jual;2025-11-15 21.00.00;Admin Penjualan;Power Bank 20000mAh;Aksesoris Elektronik;Gudang Cabang (Medan);;;17.497.000;30,33
BRG-0164;Barang Siap Dijual;2025-11-16 11.00.00;Gudang Cabang (Medan);Power Bank 20000mAh;Aksesoris Elektronik;Gudang Cabang (Medan);;112;;
BRG-0165;Pesan Barang ke Pemasok;2025-06-23 07.30.00;PT Andalan Logistik;Access Point WiFi 6;Peralatan Jaringan;Gudang Cabang (Surabaya);6.175.000;;;
BRG-0165;Terima Barang di Gudang;2025-06-24 11.30.00;Gudang Cabang (Surabaya);Access Point WiFi 6;Peralatan Jaringan;Gudang Cabang (Surabaya);;50;;
BRG-0165;Tetapkan Harga Jual;2025-06-24 16.30.00;Admin Penjualan;Access Point WiFi 6;Peralatan Jaringan;Gudang Cabang (Surabaya);;;7.020.000;13,68
BRG-0165;Barang Siap Dijual;2025-06-25 08.30.00;Gudang Cabang (Surabaya);Access Point WiFi 6;Peralatan Jaringan;Gudang Cabang (Surabaya);;50;;
BRG-0166;Pesan Barang ke Pemasok;2025-06-24 12.30.00;CV Maju Bersama;DVR 16 Channel;Keamanan;Gudang Cabang (Medan);13.600.000;;;
BRG-0166;Terima Barang di Gudang;2025-06-30 16.30.00;Gudang Cabang (Medan);DVR 16 Channel;Keamanan;Gudang Cabang (Medan);;259;;
BRG-0166;Tetapkan Harga Jual;2025-07-02 06.30.00;Admin Penjualan;DVR 16 Channel;Keamanan;Gudang Cabang (Medan);;;15.822.000;16,34
BRG-0166;Barang Siap Dijual;2025-07-02 19.30.00;Gudang Cabang (Medan);DVR 16 Channel;Keamanan;Gudang Cabang (Medan);;259;;
BRG-0167;Pesan Barang ke Pemasok;2025-03-26 11.40.00;CV Maju Bersama;Mouse Wireless Pro;Aksesoris Komputer;Gudang Cabang (Bandung);12.850.000;;;
BRG-0167;Terima Barang di Gudang;2025-04-03 05.40.00;Gudang Cabang (Bandung);Mouse Wireless Pro;Aksesoris Komputer;Gudang Cabang (Bandung);;108;;
BRG-0167;Tetapkan Harga Jual;2025-04-04 07.40.00;Admin Penjualan;Mouse Wireless Pro;Aksesoris Komputer;Gudang Cabang (Bandung);;;15.164.000;18,01
BRG-0167;Barang Siap Dijual;2025-04-04 20.40.00;Gudang Cabang (Bandung);Mouse Wireless Pro;Aksesoris Komputer;Gudang Cabang (Bandung);;108;;
BRG-0168;Pesan Barang ke Pemasok;2025-02-27 00.00.00;CV Sentral Niaga;Air Purifier;Peralatan Rumah Tangga;Gudang Cabang (Medan);11.650.000;;;
BRG-0168;Terima Barang di Gudang;2025-03-05 05.00.00;Gudang Cabang (Medan);Air Purifier;Peralatan Rumah Tangga;Gudang Cabang (Medan);;239;;
BRG-0168;Tetapkan Harga Jual;2025-03-06 09.00.00;Admin Penjualan;Air Purifier;Peralatan Rumah Tangga;Gudang Cabang (Medan);;;13.194.000;13,25
BRG-0168;Barang Siap Dijual;2025-03-06 15.00.00;Gudang Cabang (Medan);Air Purifier;Peralatan Rumah Tangga;Gudang Cabang (Medan);;239;;
BRG-0169;Pesan Barang ke Pemasok;2025-03-19 03.10.00;PT Sinar Teknologi;Kamera CCTV 4MP;Keamanan;Gudang Cabang (Makassar);13.950.000;;;
BRG-0169;Terima Barang di Gudang;2025-03-22 04.10.00;Gudang Cabang (Makassar);Kamera CCTV 4MP;Keamanan;Gudang Cabang (Makassar);;112;;
BRG-0169;Tetapkan Harga Jual;2025-03-23 13.10.00;Admin Penjualan;Kamera CCTV 4MP;Keamanan;Gudang Cabang (Makassar);;;17.855.000;27,99
BRG-0169;Barang Siap Dijual;2025-03-24 05.10.00;Gudang Cabang (Makassar);Kamera CCTV 4MP;Keamanan;Gudang Cabang (Makassar);;112;;
BRG-0170;Pesan Barang ke Pemasok;2025-02-07 17.00.00;PT Cipta Sarana;Air Purifier;Peralatan Rumah Tangga;Gudang Cabang (Surabaya);5.950.000;;;
BRG-0170;Terima Barang di Gudang;2025-02-09 20.00.00;Gudang Cabang (Surabaya);Air Purifier;Peralatan Rumah Tangga;Gudang Cabang (Surabaya);;315;;
BRG-0170;Tetapkan Harga Jual;2025-02-10 20.00.00;Admin Penjualan;Air Purifier;Peralatan Rumah Tangga;Gudang Cabang (Surabaya);;;6.939.000;16,62
BRG-0170;Barang Siap Dijual;2025-02-11 09.00.00;Gudang Cabang (Surabaya);Air Purifier;Peralatan Rumah Tangga;Gudang Cabang (Surabaya);;315;;
BRG-0171;Pesan Barang ke Pemasok;2025-01-15 08.30.00;CV Maju Bersama;Scanner Dokumen A4;Peralatan Kantor;Gudang Cabang (Surabaya);1.100.000;;;
BRG-0171;Terima Barang di Gudang;2025-01-17 23.30.00;Gudang Cabang (Surabaya);Scanner Dokumen A4;Peralatan Kantor;Gudang Cabang (Surabaya);;242;;
BRG-0171;Tetapkan Harga Jual;2025-01-19 09.30.00;Admin Penjualan;Scanner Dokumen A4;Peralatan Kantor;Gudang Cabang (Surabaya);;;1.285.000;16,80
BRG-0171;Barang Siap Dijual;2025-01-19 15.30.00;Gudang Cabang (Surabaya);Scanner Dokumen A4;Peralatan Kantor;Gudang Cabang (Surabaya);;242;;
BRG-0172;Pesan Barang ke Pemasok;2025-08-09 16.20.00;CV Maju Bersama;Power Bank 20000mAh;Aksesoris Elektronik;Gudang Cabang (Bandung);3.125.000;;;
BRG-0172;Terima Barang di Gudang;2025-08-14 03.20.00;Gudang Cabang (Bandung);Power Bank 20000mAh;Aksesoris Elektronik;Gudang Cabang (Bandung);;183;;
BRG-0172;Tetapkan Harga Jual;2025-08-14 23.20.00;Admin Penjualan;Power Bank 20000mAh;Aksesoris Elektronik;Gudang Cabang (Bandung);;;3.991.000;27,72
BRG-0172;Barang Siap Dijual;2025-08-15 14.20.00;Gudang Cabang (Bandung);Power Bank 20000mAh;Aksesoris Elektronik;Gudang Cabang (Bandung);;183;;
BRG-0173;Pesan Barang ke Pemasok;2025-09-29 02.50.00;PT Sinar Teknologi;Switch 24 Port;Peralatan Jaringan;Gudang Cabang (Bandung);11.875.000;;;
BRG-0173;Terima Barang di Gudang;2025-10-06 03.50.00;Gudang Cabang (Bandung);Switch 24 Port;Peralatan Jaringan;Gudang Cabang (Bandung);;297;;
BRG-0173;Tetapkan Harga Jual;2025-10-06 06.50.00;Admin Penjualan;Switch 24 Port;Peralatan Jaringan;Gudang Cabang (Bandung);;;14.054.000;18,35
BRG-0173;Barang Siap Dijual;2025-10-06 16.50.00;Gudang Cabang (Bandung);Switch 24 Port;Peralatan Jaringan;Gudang Cabang (Bandung);;297;;
BRG-0174;Pesan Barang ke Pemasok;2025-07-29 09.20.00;CV Berkah Komputer;Laptop Gaming X15;Elektronik;Gudang Cabang (Surabaya);5.150.000;;;
BRG-0174;Terima Barang di Gudang;2025-08-07 02.20.00;Gudang Cabang (Surabaya);Laptop Gaming X15;Elektronik;Gudang Cabang (Surabaya);;105;;
BRG-0174;Tetapkan Harga Jual;2025-08-07 18.20.00;Admin Penjualan;Laptop Gaming X15;Elektronik;Gudang Cabang (Surabaya);;;5.735.000;11,36
BRG-0174;Barang Siap Dijual;2025-08-07 20.20.00;Gudang Cabang (Surabaya);Laptop Gaming X15;Elektronik;Gudang Cabang (Surabaya);;105;;
BRG-0175;Pesan Barang ke Pemasok;2025-05-01 22.10.00;PT Andalan Logistik;Power Bank 20000mAh;Aksesoris Elektronik;Gudang Cabang (Bandung);6.625.000;;;
BRG-0175;Terima Barang di Gudang;2025-05-07 07.10.00;Gudang Cabang (Bandung);Power Bank 20000mAh;Aksesoris Elektronik;Gudang Cabang (Bandung);;103;;
BRG-0175;Tetapkan Harga Jual;2025-05-08 23.10.00;Admin Penjualan;Power Bank 20000mAh;Aksesoris Elektronik;Gudang Cabang (Bandung);;;7.168.000;8,19
BRG-0175;Barang Siap Dijual;2025-05-09 07.10.00;Gudang Cabang (Bandung);Power Bank 20000mAh;Aksesoris Elektronik;Gudang Cabang (Bandung);;103;;
BRG-0176;Pesan Barang ke Pemasok;2025-09-12 13.10.00;PT Sinar Teknologi;Tablet 10 Inch;Elektronik;Gudang Cabang (Medan);11.925.000;;;
BRG-0176;Terima Barang di Gudang;2025-09-16 18.10.00;Gudang Cabang (Medan);Tablet 10 Inch;Elektronik;Gudang Cabang (Medan);;293;;
BRG-0176;Tetapkan Harga Jual;2025-09-17 22.10.00;Admin Penjualan;Tablet 10 Inch;Elektronik;Gudang Cabang (Medan);;;15.654.000;31,27
BRG-0176;Barang Siap Dijual;2025-09-18 04.10.00;Gudang Cabang (Medan);Tablet 10 Inch;Elektronik;Gudang Cabang (Medan);;293;;
BRG-0177;Pesan Barang ke Pemasok;2025-11-08 09.50.00;CV Berkah Komputer;Monitor LED 24 Inch;Elektronik;Gudang Cabang (Surabaya);12.500.000;;;
BRG-0177;Terima Barang di Gudang;2025-11-10 00.50.00;Gudang Cabang (Surabaya);Monitor LED 24 Inch;Elektronik;Gudang Cabang (Surabaya);;68;;
BRG-0177;Tetapkan Harga Jual;2025-11-11 05.50.00;Admin Penjualan;Monitor LED 24 Inch;Elektronik;Gudang Cabang (Surabaya);;;16.205.000;29,64
BRG-0177;Barang Siap Dijual;2025-11-11 10.50.00;Gudang Cabang (Surabaya);Monitor LED 24 Inch;Elektronik;Gudang Cabang (Surabaya);;68;;
BRG-0178;Pesan Barang ke Pemasok;2025-05-13 11.40.00;PT Andalan Logistik;UPS 1200VA;Peralatan Listrik;Gudang Cabang (Semarang);2.100.000;;;
BRG-0178;Terima Barang di Gudang;2025-05-21 03.40.00;Gudang Cabang (Semarang);UPS 1200VA;Peralatan Listrik;Gudang Cabang (Semarang);;172;;
BRG-0178;Tetapkan Harga Jual;2025-05-22 04.40.00;Admin Penjualan;UPS 1200VA;Peralatan Listrik;Gudang Cabang (Semarang);;;2.734.000;30,20
BRG-0178;Barang Siap Dijual;2025-05-22 11.40.00;Gudang Cabang (Semarang);UPS 1200VA;Peralatan Listrik;Gudang Cabang (Semarang);;172;;
BRG-0179;Pesan Barang ke Pemasok;2025-12-31 04.40.00;CV Mitra Jaya;Printer LaserJet;Peralatan Kantor;Gudang Cabang (Surabaya);1.550.000;;;
BRG-0179;Terima Barang di Gudang;2026-01-05 11.40.00;Gudang Cabang (Surabaya);Printer LaserJet;Peralatan Kantor;Gudang Cabang (Surabaya);;93;;
BRG-0179;Tetapkan Harga Jual;2026-01-05 17.40.00;Admin Penjualan;Printer LaserJet;Peralatan Kantor;Gudang Cabang (Surabaya);;;1.759.000;13,49
BRG-0179;Barang Siap Dijual;2026-01-05 20.40.00;Gudang Cabang (Surabaya);Printer LaserJet;Peralatan Kantor;Gudang Cabang (Surabaya);;93;;
BRG-0180;Pesan Barang ke Pemasok;2025-03-10 11.30.00;CV Mitra Jaya;Access Point WiFi 6;Peralatan Jaringan;Gudang Cabang (Surabaya);9.850.000;;;
BRG-0180;Terima Barang di Gudang;2025-03-12 20.30.00;Gudang Cabang (Surabaya);Access Point WiFi 6;Peralatan Jaringan;Gudang Cabang (Surabaya);;58;;
BRG-0180;Tetapkan Harga Jual;2025-03-14 05.30.00;Admin Penjualan;Access Point WiFi 6;Peralatan Jaringan;Gudang Cabang (Surabaya);;;12.902.000;30,98
BRG-0180;Barang Siap Dijual;2025-03-14 08.30.00;Gudang Cabang (Surabaya);Access Point WiFi 6;Peralatan Jaringan;Gudang Cabang (Surabaya);;58;;
BRG-0181;Pesan Barang ke Pemasok;2025-02-25 08.20.00;CV Sentral Niaga;Mesin Kopi Otomatis;Peralatan Rumah Tangga;Gudang Cabang (Medan);3.050.000;;;
BRG-0181;Terima Barang di Gudang;2025-03-01 00.20.00;Gudang Cabang (Medan);Mesin Kopi Otomatis;Peralatan Rumah Tangga;Gudang Cabang (Medan);;55;;
BRG-0181;Tetapkan Harga Jual;2025-03-02 06.20.00;Admin Penjualan;Mesin Kopi Otomatis;Peralatan Rumah Tangga;Gudang Cabang (Medan);;;3.801.000;24,63
BRG-0181;Barang Siap Dijual;2025-03-02 13.20.00;Gudang Cabang (Medan);Mesin Kopi Otomatis;Peralatan Rumah Tangga;Gudang Cabang (Medan);;55;;
BRG-0182;Pesan Barang ke Pemasok;2025-11-06 05.30.00;CV Sentral Niaga;Router AX3000;Peralatan Jaringan;Gudang Cabang (Makassar);9.325.000;;;
BRG-0182;Terima Barang di Gudang;2025-11-09 15.30.00;Gudang Cabang (Makassar);Router AX3000;Peralatan Jaringan;Gudang Cabang (Makassar);;319;;
BRG-0182;Tetapkan Harga Jual;2025-11-10 08.30.00;Admin Penjualan;Router AX3000;Peralatan Jaringan;Gudang Cabang (Makassar);;;10.192.000;9,30
BRG-0182;Barang Siap Dijual;2025-11-10 21.30.00;Gudang Cabang (Makassar);Router AX3000;Peralatan Jaringan;Gudang Cabang (Makassar);;319;;
BRG-0183;Pesan Barang ke Pemasok;2025-06-16 21.10.00;CV Prima Elektronik;Kulkas 2 Pintu;Peralatan Rumah Tangga;Gudang Cabang (Semarang);10.500.000;;;
BRG-0183;Terima Barang di Gudang;2025-06-19 03.10.00;Gudang Cabang (Semarang);Kulkas 2 Pintu;Peralatan Rumah Tangga;Gudang Cabang (Semarang);;184;;
BRG-0183;Tetapkan Harga Jual;2025-06-19 05.10.00;Admin Penjualan;Kulkas 2 Pintu;Peralatan Rumah Tangga;Gudang Cabang (Semarang);;;12.195.000;16,14
BRG-0183;Barang Siap Dijual;2025-06-19 08.10.00;Gudang Cabang (Semarang);Kulkas 2 Pintu;Peralatan Rumah Tangga;Gudang Cabang (Semarang);;184;;
BRG-0184;Pesan Barang ke Pemasok;2025-01-23 11.40.00;CV Sentral Niaga;UPS 1200VA;Peralatan Listrik;Gudang Cabang (Makassar);1.150.000;;;
BRG-0184;Terima Barang di Gudang;2025-01-28 19.40.00;Gudang Cabang (Makassar);UPS 1200VA;Peralatan Listrik;Gudang Cabang (Makassar);;276;;
BRG-0184;Tetapkan Harga Jual;2025-01-29 15.40.00;Admin Penjualan;UPS 1200VA;Peralatan Listrik;Gudang Cabang (Makassar);;;1.481.000;28,79
BRG-0184;Barang Siap Dijual;2025-01-30 04.40.00;Gudang Cabang (Makassar);UPS 1200VA;Peralatan Listrik;Gudang Cabang (Makassar);;276;;
BRG-0185;Pesan Barang ke Pemasok;2025-01-14 08.30.00;CV Sentral Niaga;Power Bank 20000mAh;Aksesoris Elektronik;Gudang Cabang (Semarang);6.250.000;;;
BRG-0185;Terima Barang di Gudang;2025-01-16 16.30.00;Gudang Cabang (Semarang);Power Bank 20000mAh;Aksesoris Elektronik;Gudang Cabang (Semarang);;309;;
BRG-0185;Tetapkan Harga Jual;2025-01-17 23.30.00;Admin Penjualan;Power Bank 20000mAh;Aksesoris Elektronik;Gudang Cabang (Semarang);;;7.132.000;14,12
BRG-0185;Barang Siap Dijual;2025-01-18 04.30.00;Gudang Cabang (Semarang);Power Bank 20000mAh;Aksesoris Elektronik;Gudang Cabang (Semarang);;309;;
BRG-0186;Pesan Barang ke Pemasok;2025-12-04 20.40.00;CV Maju Bersama;UPS 1200VA;Peralatan Listrik;Gudang Utama (Jakarta);14.200.000;;;
BRG-0186;Terima Barang di Gudang;2025-12-10 04.40.00;Gudang Utama (Jakarta);UPS 1200VA;Peralatan Listrik;Gudang Utama (Jakarta);;240;;
BRG-0186;Tetapkan Harga Jual;2025-12-11 13.40.00;Admin Penjualan;UPS 1200VA;Peralatan Listrik;Gudang Utama (Jakarta);;;16.827.000;18,50
BRG-0186;Barang Siap Dijual;2025-12-12 02.40.00;Gudang Utama (Jakarta);UPS 1200VA;Peralatan Listrik;Gudang Utama (Jakarta);;240;;
BRG-0187;Pesan Barang ke Pemasok;2025-04-10 15.40.00;PT Andalan Logistik;Mesin Kopi Otomatis;Peralatan Rumah Tangga;Gudang Cabang (Bandung);12.450.000;;;
BRG-0187;Terima Barang di Gudang;2025-04-17 04.40.00;Gudang Cabang (Bandung);Mesin Kopi Otomatis;Peralatan Rumah Tangga;Gudang Cabang (Bandung);;252;;
BRG-0187;Tetapkan Harga Jual;2025-04-17 23.40.00;Admin Penjualan;Mesin Kopi Otomatis;Peralatan Rumah Tangga;Gudang Cabang (Bandung);;;15.555.000;24,94
BRG-0187;Barang Siap Dijual;2025-04-18 08.40.00;Gudang Cabang (Bandung);Mesin Kopi Otomatis;Peralatan Rumah Tangga;Gudang Cabang (Bandung);;252;;
BRG-0188;Pesan Barang ke Pemasok;2025-12-21 11.40.00;PT Sinar Teknologi;Speaker Bluetooth;Elektronik;Gudang Cabang (Semarang);11.075.000;;;
BRG-0188;Terima Barang di Gudang;2025-12-29 22.40.00;Gudang Cabang (Semarang);Speaker Bluetooth;Elektronik;Gudang Cabang (Semarang);;148;;
BRG-0188;Tetapkan Harga Jual;2025-12-30 15.40.00;Admin Penjualan;Speaker Bluetooth;Elektronik;Gudang Cabang (Semarang);;;14.549.000;31,37
BRG-0188;Barang Siap Dijual;2025-12-31 01.40.00;Gudang Cabang (Semarang);Speaker Bluetooth;Elektronik;Gudang Cabang (Semarang);;148;;
BRG-0189;Pesan Barang ke Pemasok;2025-01-18 02.10.00;CV Maju Bersama;Smart TV 43 Inch;Elektronik;Gudang Cabang (Bandung);650.000;;;
BRG-0189;Terima Barang di Gudang;2025-01-20 14.10.00;Gudang Cabang (Bandung);Smart TV 43 Inch;Elektronik;Gudang Cabang (Bandung);;231;;
BRG-0189;Tetapkan Harga Jual;2025-01-21 06.10.00;Admin Penjualan;Smart TV 43 Inch;Elektronik;Gudang Cabang (Bandung);;;826.000;27,13
BRG-0189;Barang Siap Dijual;2025-01-21 22.10.00;Gudang Cabang (Bandung);Smart TV 43 Inch;Elektronik;Gudang Cabang (Bandung);;231;;
BRG-0190;Pesan Barang ke Pemasok;2025-02-28 19.30.00;CV Berkah Komputer;Mouse Wireless Pro;Aksesoris Komputer;Gudang Utama (Jakarta);8.825.000;;;
BRG-0190;Terima Barang di Gudang;2025-03-02 12.30.00;Gudang Utama (Jakarta);Mouse Wireless Pro;Aksesoris Komputer;Gudang Utama (Jakarta);;175;;
BRG-0190;Tetapkan Harga Jual;2025-03-03 16.30.00;Admin Penjualan;Mouse Wireless Pro;Aksesoris Komputer;Gudang Utama (Jakarta);;;10.661.000;20,80
BRG-0190;Barang Siap Dijual;2025-03-04 09.30.00;Gudang Utama (Jakarta);Mouse Wireless Pro;Aksesoris Komputer;Gudang Utama (Jakarta);;175;;
BRG-0191;Pesan Barang ke Pemasok;2025-08-24 03.30.00;CV Mitra Jaya;Mouse Wireless Pro;Aksesoris Komputer;Gudang Utama (Jakarta);5.675.000;;;
BRG-0191;Terima Barang di Gudang;2025-08-26 09.30.00;Gudang Utama (Jakarta);Mouse Wireless Pro;Aksesoris Komputer;Gudang Utama (Jakarta);;285;;
BRG-0191;Tetapkan Harga Jual;2025-08-28 05.30.00;Admin Penjualan;Mouse Wireless Pro;Aksesoris Komputer;Gudang Utama (Jakarta);;;6.433.000;13,35
BRG-0191;Barang Siap Dijual;2025-08-28 20.30.00;Gudang Utama (Jakarta);Mouse Wireless Pro;Aksesoris Komputer;Gudang Utama (Jakarta);;285;;
BRG-0192;Pesan Barang ke Pemasok;2025-11-06 03.50.00;CV Prima Elektronik;Speaker Bluetooth;Elektronik;Gudang Cabang (Makassar);2.075.000;;;
BRG-0192;Terima Barang di Gudang;2025-11-13 05.50.00;Gudang Cabang (Makassar);Speaker Bluetooth;Elektronik;Gudang Cabang (Makassar);;183;;
BRG-0192;Tetapkan Harga Jual;2025-11-15 00.50.00;Admin Penjualan;Speaker Bluetooth;Elektronik;Gudang Cabang (Makassar);;;2.711.000;30,64
BRG-0192;Barang Siap Dijual;2025-11-15 16.50.00;Gudang Cabang (Makassar);Speaker Bluetooth;Elektronik;Gudang Cabang (Makassar);;183;;
BRG-0193;Pesan Barang ke Pemasok;2025-02-24 12.30.00;CV Maju Bersama;Mouse Wireless Pro;Aksesoris Komputer;Gudang Cabang (Makassar);11.000.000;;;
BRG-0193;Terima Barang di Gudang;2025-02-27 19.30.00;Gudang Cabang (Makassar);Mouse Wireless Pro;Aksesoris Komputer;Gudang Cabang (Makassar);;161;;
BRG-0193;Tetapkan Harga Jual;2025-02-28 03.30.00;Admin Penjualan;Mouse Wireless Pro;Aksesoris Komputer;Gudang Cabang (Makassar);;;13.883.000;26,21
BRG-0193;Barang Siap Dijual;2025-02-28 19.30.00;Gudang Cabang (Makassar);Mouse Wireless Pro;Aksesoris Komputer;Gudang Cabang (Makassar);;161;;
BRG-0194;Pesan Barang ke Pemasok;2025-01-27 12.10.00;PT Sinar Teknologi;Switch 24 Port;Peralatan Jaringan;Gudang Cabang (Semarang);3.200.000;;;
BRG-0194;Terima Barang di Gudang;2025-01-29 17.10.00;Gudang Cabang (Semarang);Switch 24 Port;Peralatan Jaringan;Gudang Cabang (Semarang);;117;;
BRG-0194;Tetapkan Harga Jual;2025-01-30 02.10.00;Admin Penjualan;Switch 24 Port;Peralatan Jaringan;Gudang Cabang (Semarang);;;3.980.000;24,38
BRG-0194;Barang Siap Dijual;2025-01-30 05.10.00;Gudang Cabang (Semarang);Switch 24 Port;Peralatan Jaringan;Gudang Cabang (Semarang);;117;;
BRG-0195;Pesan Barang ke Pemasok;2025-05-04 21.30.00;CV Sentral Niaga;Switch 24 Port;Peralatan Jaringan;Gudang Cabang (Medan);1.475.000;;;
BRG-0195;Terima Barang di Gudang;2025-05-08 05.30.00;Gudang Cabang (Medan);Switch 24 Port;Peralatan Jaringan;Gudang Cabang (Medan);;327;;
BRG-0195;Tetapkan Harga Jual;2025-05-09 16.30.00;Admin Penjualan;Switch 24 Port;Peralatan Jaringan;Gudang Cabang (Medan);;;1.832.000;24,20
BRG-0195;Barang Siap Dijual;2025-05-10 09.30.00;Gudang Cabang (Medan);Switch 24 Port;Peralatan Jaringan;Gudang Cabang (Medan);;327;;
BRG-0196;Pesan Barang ke Pemasok;2025-08-17 14.50.00;PT Cipta Sarana;Laptop Gaming X15;Elektronik;Gudang Cabang (Surabaya);900.000;;;
BRG-0196;Terima Barang di Gudang;2025-08-24 18.50.00;Gudang Cabang (Surabaya);Laptop Gaming X15;Elektronik;Gudang Cabang (Surabaya);;155;;
BRG-0196;Tetapkan Harga Jual;2025-08-25 07.50.00;Admin Penjualan;Laptop Gaming X15;Elektronik;Gudang Cabang (Surabaya);;;1.048.000;16,50
BRG-0196;Barang Siap Dijual;2025-08-25 23.50.00;Gudang Cabang (Surabaya);Laptop Gaming X15;Elektronik;Gudang Cabang (Surabaya);;155;;
BRG-0197;Pesan Barang ke Pemasok;2025-09-11 15.20.00;CV Mitra Jaya;Mesin Kopi Otomatis;Peralatan Rumah Tangga;Gudang Utama (Jakarta);10.175.000;;;
BRG-0197;Terima Barang di Gudang;2025-09-19 07.20.00;Gudang Utama (Jakarta);Mesin Kopi Otomatis;Peralatan Rumah Tangga;Gudang Utama (Jakarta);;214;;
BRG-0197;Tetapkan Harga Jual;2025-09-19 20.20.00;Admin Penjualan;Mesin Kopi Otomatis;Peralatan Rumah Tangga;Gudang Utama (Jakarta);;;13.039.000;28,15
BRG-0197;Barang Siap Dijual;2025-09-20 06.20.00;Gudang Utama (Jakarta);Mesin Kopi Otomatis;Peralatan Rumah Tangga;Gudang Utama (Jakarta);;214;;
BRG-0198;Pesan Barang ke Pemasok;2025-03-09 13.10.00;CV Maju Bersama;Smart TV 43 Inch;Elektronik;Gudang Cabang (Makassar);12.150.000;;;
BRG-0198;Terima Barang di Gudang;2025-03-18 00.10.00;Gudang Cabang (Makassar);Smart TV 43 Inch;Elektronik;Gudang Cabang (Makassar);;38;;
BRG-0198;Tetapkan Harga Jual;2025-03-19 10.10.00;Admin Penjualan;Smart TV 43 Inch;Elektronik;Gudang Cabang (Makassar);;;14.188.000;16,77
BRG-0198;Barang Siap Dijual;2025-03-19 19.10.00;Gudang Cabang (Makassar);Smart TV 43 Inch;Elektronik;Gudang Cabang (Makassar);;38;;
BRG-0199;Pesan Barang ke Pemasok;2025-08-07 02.30.00;CV Berkah Komputer;Scanner Dokumen A4;Peralatan Kantor;Gudang Cabang (Medan);9.825.000;;;
BRG-0199;Terima Barang di Gudang;2025-08-09 03.30.00;Gudang Cabang (Medan);Scanner Dokumen A4;Peralatan Kantor;Gudang Cabang (Medan);;172;;
BRG-0199;Tetapkan Harga Jual;2025-08-10 07.30.00;Admin Penjualan;Scanner Dokumen A4;Peralatan Kantor;Gudang Cabang (Medan);;;11.008.000;12,04
BRG-0199;Barang Siap Dijual;2025-08-10 20.30.00;Gudang Cabang (Medan);Scanner Dokumen A4;Peralatan Kantor;Gudang Cabang (Medan);;172;;
BRG-0200;Pesan Barang ke Pemasok;2025-07-09 03.20.00;PT Cipta Sarana;Access Point WiFi 6;Peralatan Jaringan;Gudang Cabang (Surabaya);11.450.000;;;
BRG-0200;Terima Barang di Gudang;2025-07-17 14.20.00;Gudang Cabang (Surabaya);Access Point WiFi 6;Peralatan Jaringan;Gudang Cabang (Surabaya);;32;;
BRG-0200;Tetapkan Harga Jual;2025-07-18 15.20.00;Admin Penjualan;Access Point WiFi 6;Peralatan Jaringan;Gudang Cabang (Surabaya);;;13.028.000;13,78
BRG-0200;Barang Siap Dijual;2025-07-19 03.20.00;Gudang Cabang (Surabaya);Access Point WiFi 6;Peralatan Jaringan;Gudang Cabang (Surabaya);;32;;
BRG-0201;Pesan Barang ke Pemasok;2025-01-29 15.00.00;CV Berkah Komputer;Switch 24 Port;Peralatan Jaringan;Gudang Cabang (Medan);3.200.000;;;
BRG-0201;Terima Barang di Gudang;2025-02-01 04.00.00;Gudang Cabang (Medan);Switch 24 Port;Peralatan Jaringan;Gudang Cabang (Medan);;175;;
BRG-0201;Tetapkan Harga Jual;2025-02-02 06.00.00;Admin Penjualan;Switch 24 Port;Peralatan Jaringan;Gudang Cabang (Medan);;;3.886.000;21,44
BRG-0201;Barang Siap Dijual;2025-02-02 11.00.00;Gudang Cabang (Medan);Switch 24 Port;Peralatan Jaringan;Gudang Cabang (Medan);;175;;
BRG-0202;Pesan Barang ke Pemasok;2025-06-11 15.20.00;PT Nusantara Digital;Smartphone Pro;Elektronik;Gudang Cabang (Medan);3.700.000;;;
BRG-0202;Terima Barang di Gudang;2025-06-16 20.20.00;Gudang Cabang (Medan);Smartphone Pro;Elektronik;Gudang Cabang (Medan);;206;;
BRG-0202;Tetapkan Harga Jual;2025-06-17 07.20.00;Admin Penjualan;Smartphone Pro;Elektronik;Gudang Cabang (Medan);;;4.703.000;27,11
BRG-0202;Barang Siap Dijual;2025-06-17 16.20.00;Gudang Cabang (Medan);Smartphone Pro;Elektronik;Gudang Cabang (Medan);;206;;
BRG-0203;Pesan Barang ke Pemasok;2025-03-16 10.00.00;CV Mitra Jaya;Monitor LED 24 Inch;Elektronik;Gudang Cabang (Makassar);10.400.000;;;
BRG-0203;Terima Barang di Gudang;2025-03-19 12.00.00;Gudang Cabang (Makassar);Monitor LED 24 Inch;Elektronik;Gudang Cabang (Makassar);;24;;
BRG-0203;Tetapkan Harga Jual;2025-03-19 22.00.00;Admin Penjualan;Monitor LED 24 Inch;Elektronik;Gudang Cabang (Makassar);;;12.460.000;19,81
BRG-0203;Barang Siap Dijual;2025-03-20 08.00.00;Gudang Cabang (Makassar);Monitor LED 24 Inch;Elektronik;Gudang Cabang (Makassar);;24;;
BRG-0204;Pesan Barang ke Pemasok;2025-04-17 06.50.00;PT Nusantara Digital;UPS 1200VA;Peralatan Listrik;Gudang Cabang (Bandung);6.150.000;;;
BRG-0204;Terima Barang di Gudang;2025-04-19 14.50.00;Gudang Cabang (Bandung);UPS 1200VA;Peralatan Listrik;Gudang Cabang (Bandung);;349;;
BRG-0204;Tetapkan Harga Jual;2025-04-20 17.50.00;Admin Penjualan;UPS 1200VA;Peralatan Listrik;Gudang Cabang (Bandung);;;7.469.000;21,44
BRG-0204;Barang Siap Dijual;2025-04-21 11.50.00;Gudang Cabang (Bandung);UPS 1200VA;Peralatan Listrik;Gudang Cabang (Bandung);;349;;
BRG-0205;Pesan Barang ke Pemasok;2025-05-08 16.50.00;CV Mitra Jaya;DVR 16 Channel;Keamanan;Gudang Utama (Jakarta);8.550.000;;;
BRG-0205;Terima Barang di Gudang;2025-05-17 09.50.00;Gudang Utama (Jakarta);DVR 16 Channel;Keamanan;Gudang Utama (Jakarta);;148;;
BRG-0205;Tetapkan Harga Jual;2025-05-17 17.50.00;Admin Penjualan;DVR 16 Channel;Keamanan;Gudang Utama (Jakarta);;;9.686.000;13,29
BRG-0205;Barang Siap Dijual;2025-05-17 21.50.00;Gudang Utama (Jakarta);DVR 16 Channel;Keamanan;Gudang Utama (Jakarta);;148;;
BRG-0206;Pesan Barang ke Pemasok;2025-11-18 22.50.00;PT Cipta Sarana;Keyboard Mechanical RGB;Aksesoris Komputer;Gudang Cabang (Medan);7.100.000;;;
BRG-0206;Terima Barang di Gudang;2025-11-20 23.50.00;Gudang Cabang (Medan);Keyboard Mechanical RGB;Aksesoris Komputer;Gudang Cabang (Medan);;298;;
BRG-0206;Tetapkan Harga Jual;2025-11-22 17.50.00;Admin Penjualan;Keyboard Mechanical RGB;Aksesoris Komputer;Gudang Cabang (Medan);;;8.454.000;19,07
BRG-0206;Barang Siap Dijual;2025-11-23 09.50.00;Gudang Cabang (Medan);Keyboard Mechanical RGB;Aksesoris Komputer;Gudang Cabang (Medan);;298;;
BRG-0207;Pesan Barang ke Pemasok;2025-08-07 01.10.00;PT Andalan Logistik;Kamera CCTV 4MP;Keamanan;Gudang Cabang (Surabaya);8.725.000;;;
BRG-0207;Terima Barang di Gudang;2025-08-14 03.10.00;Gudang Cabang (Surabaya);Kamera CCTV 4MP;Keamanan;Gudang Cabang (Surabaya);;271;;
BRG-0207;Tetapkan Harga Jual;2025-08-14 11.10.00;Admin Penjualan;Kamera CCTV 4MP;Keamanan;Gudang Cabang (Surabaya);;;11.313.000;29,66
BRG-0207;Barang Siap Dijual;2025-08-14 17.10.00;Gudang Cabang (Surabaya);Kamera CCTV 4MP;Keamanan;Gudang Cabang (Surabaya);;271;;
BRG-0208;Pesan Barang ke Pemasok;2025-10-21 12.20.00;CV Sentral Niaga;Smartphone Pro;Elektronik;Gudang Cabang (Medan);8.350.000;;;
BRG-0208;Terima Barang di Gudang;2025-10-23 22.20.00;Gudang Cabang (Medan);Smartphone Pro;Elektronik;Gudang Cabang (Medan);;160;;
BRG-0208;Tetapkan Harga Jual;2025-10-25 11.20.00;Admin Penjualan;Smartphone Pro;Elektronik;Gudang Cabang (Medan);;;10.382.000;24,34
BRG-0208;Barang Siap Dijual;2025-10-25 14.20.00;Gudang Cabang (Medan);Smartphone Pro;Elektronik;Gudang Cabang (Medan);;160;;
BRG-0209;Pesan Barang ke Pemasok;2025-05-06 03.40.00;CV Prima Elektronik;Laptop Gaming X15;Elektronik;Gudang Cabang (Semarang);6.625.000;;;
BRG-0209;Terima Barang di Gudang;2025-05-08 14.40.00;Gudang Cabang (Semarang);Laptop Gaming X15;Elektronik;Gudang Cabang (Semarang);;96;;
BRG-0209;Tetapkan Harga Jual;2025-05-09 05.40.00;Admin Penjualan;Laptop Gaming X15;Elektronik;Gudang Cabang (Semarang);;;8.736.000;31,86
BRG-0209;Barang Siap Dijual;2025-05-09 09.40.00;Gudang Cabang (Semarang);Laptop Gaming X15;Elektronik;Gudang Cabang (Semarang);;96;;
BRG-0210;Pesan Barang ke Pemasok;2025-06-21 16.20.00;PT Sinar Teknologi;Scanner Dokumen A4;Peralatan Kantor;Gudang Cabang (Makassar);2.000.000;;;
BRG-0210;Terima Barang di Gudang;2025-06-23 01.20.00;Gudang Cabang (Makassar);Scanner Dokumen A4;Peralatan Kantor;Gudang Cabang (Makassar);;21;;
BRG-0210;Tetapkan Harga Jual;2025-06-24 13.20.00;Admin Penjualan;Scanner Dokumen A4;Peralatan Kantor;Gudang Cabang (Makassar);;;2.473.000;23,67
BRG-0210;Barang Siap Dijual;2025-06-24 16.20.00;Gudang Cabang (Makassar);Scanner Dokumen A4;Peralatan Kantor;Gudang Cabang (Makassar);;21;;
BRG-0211;Pesan Barang ke Pemasok;2025-08-22 10.40.00;PT Cipta Sarana;Laptop Gaming X15;Elektronik;Gudang Cabang (Medan);5.675.000;;;
BRG-0211;Terima Barang di Gudang;2025-08-30 00.40.00;Gudang Cabang (Medan);Laptop Gaming X15;Elektronik;Gudang Cabang (Medan);;179;;
BRG-0211;Tetapkan Harga Jual;2025-08-31 03.40.00;Admin Penjualan;Laptop Gaming X15;Elektronik;Gudang Cabang (Medan);;;6.226.000;9,71
BRG-0211;Barang Siap Dijual;2025-08-31 13.40.00;Gudang Cabang (Medan);Laptop Gaming X15;Elektronik;Gudang Cabang (Medan);;179;;
BRG-0212;Pesan Barang ke Pemasok;2025-09-29 12.00.00;CV Prima Elektronik;Smartphone Pro;Elektronik;Gudang Cabang (Surabaya);13.000.000;;;
BRG-0212;Terima Barang di Gudang;2025-10-01 00.00.00;Gudang Cabang (Surabaya);Smartphone Pro;Elektronik;Gudang Cabang (Surabaya);;21;;
BRG-0212;Tetapkan Harga Jual;2025-10-01 08.00.00;Admin Penjualan;Smartphone Pro;Elektronik;Gudang Cabang (Surabaya);;;14.290.000;9,92
BRG-0212;Barang Siap Dijual;2025-10-02 00.00.00;Gudang Cabang (Surabaya);Smartphone Pro;Elektronik;Gudang Cabang (Surabaya);;21;;
BRG-0213;Pesan Barang ke Pemasok;2025-03-22 18.50.00;CV Berkah Komputer;Smart TV 43 Inch;Elektronik;Gudang Cabang (Medan);1.975.000;;;
BRG-0213;Terima Barang di Gudang;2025-03-25 19.50.00;Gudang Cabang (Medan);Smart TV 43 Inch;Elektronik;Gudang Cabang (Medan);;158;;
BRG-0213;Tetapkan Harga Jual;2025-03-27 17.50.00;Admin Penjualan;Smart TV 43 Inch;Elektronik;Gudang Cabang (Medan);;;2.569.000;30,09
BRG-0213;Barang Siap Dijual;2025-03-28 04.50.00;Gudang Cabang (Medan);Smart TV 43 Inch;Elektronik;Gudang Cabang (Medan);;158;;
BRG-0214;Pesan Barang ke Pemasok;2025-03-18 18.20.00;CV Prima Elektronik;Scanner Dokumen A4;Peralatan Kantor;Gudang Utama (Jakarta);10.425.000;;;
BRG-0214;Terima Barang di Gudang;2025-03-23 08.20.00;Gudang Utama (Jakarta);Scanner Dokumen A4;Peralatan Kantor;Gudang Utama (Jakarta);;321;;
BRG-0214;Tetapkan Harga Jual;2025-03-25 04.20.00;Admin Penjualan;Scanner Dokumen A4;Peralatan Kantor;Gudang Utama (Jakarta);;;11.872.000;13,88
BRG-0214;Barang Siap Dijual;2025-03-25 09.20.00;Gudang Utama (Jakarta);Scanner Dokumen A4;Peralatan Kantor;Gudang Utama (Jakarta);;321;;
BRG-0215;Pesan Barang ke Pemasok;2025-06-09 12.40.00;PT Nusantara Digital;Laptop Gaming X15;Elektronik;Gudang Utama (Jakarta);9.200.000;;;
BRG-0215;Terima Barang di Gudang;2025-06-12 13.40.00;Gudang Utama (Jakarta);Laptop Gaming X15;Elektronik;Gudang Utama (Jakarta);;52;;
BRG-0215;Tetapkan Harga Jual;2025-06-12 23.40.00;Admin Penjualan;Laptop Gaming X15;Elektronik;Gudang Utama (Jakarta);;;11.799.000;28,25
BRG-0215;Barang Siap Dijual;2025-06-13 02.40.00;Gudang Utama (Jakarta);Laptop Gaming X15;Elektronik;Gudang Utama (Jakarta);;52;;
BRG-0216;Pesan Barang ke Pemasok;2025-06-11 19.20.00;CV Maju Bersama;UPS 1200VA;Peralatan Listrik;Gudang Cabang (Bandung);13.425.000;;;
BRG-0216;Terima Barang di Gudang;2025-06-14 05.20.00;Gudang Cabang (Bandung);UPS 1200VA;Peralatan Listrik;Gudang Cabang (Bandung);;151;;
BRG-0216;Tetapkan Harga Jual;2025-06-15 00.20.00;Admin Penjualan;UPS 1200VA;Peralatan Listrik;Gudang Cabang (Bandung);;;17.071.000;27,16
BRG-0216;Barang Siap Dijual;2025-06-15 17.20.00;Gudang Cabang (Bandung);UPS 1200VA;Peralatan Listrik;Gudang Cabang (Bandung);;151;;
BRG-0217;Pesan Barang ke Pemasok;2025-06-24 16.10.00;CV Berkah Komputer;Power Bank 20000mAh;Aksesoris Elektronik;Gudang Cabang (Semarang);7.450.000;;;
BRG-0217;Terima Barang di Gudang;2025-06-29 20.10.00;Gudang Cabang (Semarang);Power Bank 20000mAh;Aksesoris Elektronik;Gudang Cabang (Semarang);;145;;
BRG-0217;Tetapkan Harga Jual;2025-07-01 07.10.00;Admin Penjualan;Power Bank 20000mAh;Aksesoris Elektronik;Gudang Cabang (Semarang);;;9.058.000;21,58
BRG-0217;Barang Siap Dijual;2025-07-01 22.10.00;Gudang Cabang (Semarang);Power Bank 20000mAh;Aksesoris Elektronik;Gudang Cabang (Semarang);;145;;
BRG-0218;Pesan Barang ke Pemasok;2025-02-15 01.30.00;PT Sinar Teknologi;Smart TV 43 Inch;Elektronik;Gudang Utama (Jakarta);12.975.000;;;
BRG-0218;Terima Barang di Gudang;2025-02-18 11.30.00;Gudang Utama (Jakarta);Smart TV 43 Inch;Elektronik;Gudang Utama (Jakarta);;39;;
BRG-0218;Tetapkan Harga Jual;2025-02-19 10.30.00;Admin Penjualan;Smart TV 43 Inch;Elektronik;Gudang Utama (Jakarta);;;15.940.000;22,85
BRG-0218;Barang Siap Dijual;2025-02-19 13.30.00;Gudang Utama (Jakarta);Smart TV 43 Inch;Elektronik;Gudang Utama (Jakarta);;39;;
BRG-0219;Pesan Barang ke Pemasok;2025-02-15 12.20.00;CV Mitra Jaya;Power Bank 20000mAh;Aksesoris Elektronik;Gudang Cabang (Medan);550.000;;;
BRG-0219;Terima Barang di Gudang;2025-02-19 22.20.00;Gudang Cabang (Medan);Power Bank 20000mAh;Aksesoris Elektronik;Gudang Cabang (Medan);;163;;
BRG-0219;Tetapkan Harga Jual;2025-02-21 05.20.00;Admin Penjualan;Power Bank 20000mAh;Aksesoris Elektronik;Gudang Cabang (Medan);;;633.000;15,15
BRG-0219;Barang Siap Dijual;2025-02-21 17.20.00;Gudang Cabang (Medan);Power Bank 20000mAh;Aksesoris Elektronik;Gudang Cabang (Medan);;163;;
BRG-0220;Pesan Barang ke Pemasok;2025-02-21 10.40.00;PT Sinar Teknologi;Keyboard Mechanical RGB;Aksesoris Komputer;Gudang Cabang (Semarang);6.700.000;;;
BRG-0220;Terima Barang di Gudang;2025-02-26 02.40.00;Gudang Cabang (Semarang);Keyboard Mechanical RGB;Aksesoris Komputer;Gudang Cabang (Semarang);;76;;
BRG-0220;Tetapkan Harga Jual;2025-02-26 08.40.00;Admin Penjualan;Keyboard Mechanical RGB;Aksesoris Komputer;Gudang Cabang (Semarang);;;7.743.000;15,57
BRG-0220;Barang Siap Dijual;2025-02-26 14.40.00;Gudang Cabang (Semarang);Keyboard Mechanical RGB;Aksesoris Komputer;Gudang Cabang (Semarang);;76;;
BRG-0221;Pesan Barang ke Pemasok;2025-11-15 13.50.00;CV Berkah Komputer;Scanner Dokumen A4;Peralatan Kantor;Gudang Utama (Jakarta);9.500.000;;;
BRG-0221;Terima Barang di Gudang;2025-11-22 02.50.00;Gudang Utama (Jakarta);Scanner Dokumen A4;Peralatan Kantor;Gudang Utama (Jakarta);;46;;
BRG-0221;Tetapkan Harga Jual;2025-11-22 11.50.00;Admin Penjualan;Scanner Dokumen A4;Peralatan Kantor;Gudang Utama (Jakarta);;;10.927.000;15,02
BRG-0221;Barang Siap Dijual;2025-11-22 21.50.00;Gudang Utama (Jakarta);Scanner Dokumen A4;Peralatan Kantor;Gudang Utama (Jakarta);;46;;
BRG-0222;Pesan Barang ke Pemasok;2025-06-07 16.30.00;PT Nusantara Digital;Monitor LED 24 Inch;Elektronik;Gudang Cabang (Makassar);8.900.000;;;
BRG-0222;Terima Barang di Gudang;2025-06-14 19.30.00;Gudang Cabang (Makassar);Monitor LED 24 Inch;Elektronik;Gudang Cabang (Makassar);;115;;
BRG-0222;Tetapkan Harga Jual;2025-06-14 23.30.00;Admin Penjualan;Monitor LED 24 Inch;Elektronik;Gudang Cabang (Makassar);;;10.614.000;19,26
BRG-0222;Barang Siap Dijual;2025-06-15 11.30.00;Gudang Cabang (Makassar);Monitor LED 24 Inch;Elektronik;Gudang Cabang (Makassar);;115;;
BRG-0223;Pesan Barang ke Pemasok;2025-08-08 18.30.00;CV Mitra Jaya;Switch 24 Port;Peralatan Jaringan;Gudang Cabang (Makassar);2.625.000;;;
BRG-0223;Terima Barang di Gudang;2025-08-13 10.30.00;Gudang Cabang (Makassar);Switch 24 Port;Peralatan Jaringan;Gudang Cabang (Makassar);;300;;
BRG-0223;Tetapkan Harga Jual;2025-08-14 11.30.00;Admin Penjualan;Switch 24 Port;Peralatan Jaringan;Gudang Cabang (Makassar);;;3.052.000;16,26
BRG-0223;Barang Siap Dijual;2025-08-14 23.30.00;Gudang Cabang (Makassar);Switch 24 Port;Peralatan Jaringan;Gudang Cabang (Makassar);;300;;
BRG-0224;Pesan Barang ke Pemasok;2025-06-18 03.40.00;CV Prima Elektronik;UPS 1200VA;Peralatan Listrik;Gudang Utama (Jakarta);13.075.000;;;
BRG-0224;Terima Barang di Gudang;2025-06-22 09.40.00;Gudang Utama (Jakarta);UPS 1200VA;Peralatan Listrik;Gudang Utama (Jakarta);;321;;
BRG-0224;Tetapkan Harga Jual;2025-06-22 15.40.00;Admin Penjualan;UPS 1200VA;Peralatan Listrik;Gudang Utama (Jakarta);;;15.572.000;19,10
BRG-0224;Barang Siap Dijual;2025-06-23 05.40.00;Gudang Utama (Jakarta);UPS 1200VA;Peralatan Listrik;Gudang Utama (Jakarta);;321;;
BRG-0225;Pesan Barang ke Pemasok;2025-07-21 04.40.00;PT Nusantara Digital;Smart TV 43 Inch;Elektronik;Gudang Cabang (Surabaya);12.725.000;;;
BRG-0225;Terima Barang di Gudang;2025-07-26 07.40.00;Gudang Cabang (Surabaya);Smart TV 43 Inch;Elektronik;Gudang Cabang (Surabaya);;97;;
BRG-0225;Tetapkan Harga Jual;2025-07-26 21.40.00;Admin Penjualan;Smart TV 43 Inch;Elektronik;Gudang Cabang (Surabaya);;;16.145.000;26,88
BRG-0225;Barang Siap Dijual;2025-07-27 14.40.00;Gudang Cabang (Surabaya);Smart TV 43 Inch;Elektronik;Gudang Cabang (Surabaya);;97;;
BRG-0226;Pesan Barang ke Pemasok;2025-03-20 21.10.00;PT Nusantara Digital;Speaker Bluetooth;Elektronik;Gudang Cabang (Medan);5.300.000;;;
BRG-0226;Terima Barang di Gudang;2025-03-25 10.10.00;Gudang Cabang (Medan);Speaker Bluetooth;Elektronik;Gudang Cabang (Medan);;69;;
BRG-0226;Tetapkan Harga Jual;2025-03-27 06.10.00;Admin Penjualan;Speaker Bluetooth;Elektronik;Gudang Cabang (Medan);;;5.919.000;11,67
BRG-0226;Barang Siap Dijual;2025-03-27 22.10.00;Gudang Cabang (Medan);Speaker Bluetooth;Elektronik;Gudang Cabang (Medan);;69;;
BRG-0227;Pesan Barang ke Pemasok;2025-10-25 22.40.00;PT Cipta Sarana;UPS 1200VA;Peralatan Listrik;Gudang Utama (Jakarta);1.950.000;;;
BRG-0227;Terima Barang di Gudang;2025-11-01 07.40.00;Gudang Utama (Jakarta);UPS 1200VA;Peralatan Listrik;Gudang Utama (Jakarta);;193;;
BRG-0227;Tetapkan Harga Jual;2025-11-02 10.40.00;Admin Penjualan;UPS 1200VA;Peralatan Listrik;Gudang Utama (Jakarta);;;2.251.000;15,46
BRG-0227;Barang Siap Dijual;2025-11-02 23.40.00;Gudang Utama (Jakarta);UPS 1200VA;Peralatan Listrik;Gudang Utama (Jakarta);;193;;
BRG-0228;Pesan Barang ke Pemasok;2025-05-23 20.50.00;CV Sentral Niaga;Smart TV 43 Inch;Elektronik;Gudang Cabang (Semarang);5.375.000;;;
BRG-0228;Terima Barang di Gudang;2025-05-25 23.50.00;Gudang Cabang (Semarang);Smart TV 43 Inch;Elektronik;Gudang Cabang (Semarang);;203;;
BRG-0228;Tetapkan Harga Jual;2025-05-27 10.50.00;Admin Penjualan;Smart TV 43 Inch;Elektronik;Gudang Cabang (Semarang);;;6.296.000;17,13
BRG-0228;Barang Siap Dijual;2025-05-27 20.50.00;Gudang Cabang (Semarang);Smart TV 43 Inch;Elektronik;Gudang Cabang (Semarang);;203;;
BRG-0229;Pesan Barang ke Pemasok;2025-05-04 05.30.00;PT Cipta Sarana;Mouse Wireless Pro;Aksesoris Komputer;Gudang Cabang (Medan);12.275.000;;;
BRG-0229;Terima Barang di Gudang;2025-05-09 09.30.00;Gudang Cabang (Medan);Mouse Wireless Pro;Aksesoris Komputer;Gudang Cabang (Medan);;148;;
BRG-0229;Tetapkan Harga Jual;2025-05-09 19.30.00;Admin Penjualan;Mouse Wireless Pro;Aksesoris Komputer;Gudang Cabang (Medan);;;14.730.000;20,00
BRG-0229;Barang Siap Dijual;2025-05-10 01.30.00;Gudang Cabang (Medan);Mouse Wireless Pro;Aksesoris Komputer;Gudang Cabang (Medan);;148;;
BRG-0230;Pesan Barang ke Pemasok;2025-12-31 21.40.00;PT Sinar Teknologi;Keyboard Mechanical RGB;Aksesoris Komputer;Gudang Cabang (Makassar);14.550.000;;;
BRG-0230;Terima Barang di Gudang;2026-01-04 07.40.00;Gudang Cabang (Makassar);Keyboard Mechanical RGB;Aksesoris Komputer;Gudang Cabang (Makassar);;345;;
BRG-0230;Tetapkan Harga Jual;2026-01-06 02.40.00;Admin Penjualan;Keyboard Mechanical RGB;Aksesoris Komputer;Gudang Cabang (Makassar);;;18.909.000;29,96
BRG-0230;Barang Siap Dijual;2026-01-06 04.40.00;Gudang Cabang (Makassar);Keyboard Mechanical RGB;Aksesoris Komputer;Gudang Cabang (Makassar);;345;;
BRG-0231;Pesan Barang ke Pemasok;2025-06-16 04.40.00;CV Sentral Niaga;Access Point WiFi 6;Peralatan Jaringan;Gudang Utama (Jakarta);9.525.000;;;
BRG-0231;Terima Barang di Gudang;2025-06-18 09.40.00;Gudang Utama (Jakarta);Access Point WiFi 6;Peralatan Jaringan;Gudang Utama (Jakarta);;196;;
BRG-0231;Tetapkan Harga Jual;2025-06-20 01.40.00;Admin Penjualan;Access Point WiFi 6;Peralatan Jaringan;Gudang Utama (Jakarta);;;12.424.000;30,44
BRG-0231;Barang Siap Dijual;2025-06-20 07.40.00;Gudang Utama (Jakarta);Access Point WiFi 6;Peralatan Jaringan;Gudang Utama (Jakarta);;196;;
BRG-0232;Pesan Barang ke Pemasok;2025-03-10 06.40.00;CV Berkah Komputer;Air Purifier;Peralatan Rumah Tangga;Gudang Cabang (Bandung);3.825.000;;;
BRG-0232;Terima Barang di Gudang;2025-03-11 20.40.00;Gudang Cabang (Bandung);Air Purifier;Peralatan Rumah Tangga;Gudang Cabang (Bandung);;297;;
BRG-0232;Tetapkan Harga Jual;2025-03-12 09.40.00;Admin Penjualan;Air Purifier;Peralatan Rumah Tangga;Gudang Cabang (Bandung);;;4.881.000;27,61
BRG-0232;Barang Siap Dijual;2025-03-13 02.40.00;Gudang Cabang (Bandung);Air Purifier;Peralatan Rumah Tangga;Gudang Cabang (Bandung);;297;;
BRG-0233;Pesan Barang ke Pemasok;2025-01-15 00.00.00;PT Sinar Teknologi;Access Point WiFi 6;Peralatan Jaringan;Gudang Utama (Jakarta);6.850.000;;;
BRG-0233;Terima Barang di Gudang;2025-01-21 11.00.00;Gudang Utama (Jakarta);Access Point WiFi 6;Peralatan Jaringan;Gudang Utama (Jakarta);;316;;
BRG-0233;Tetapkan Harga Jual;2025-01-21 13.00.00;Admin Penjualan;Access Point WiFi 6;Peralatan Jaringan;Gudang Utama (Jakarta);;;8.306.000;21,26
BRG-0233;Barang Siap Dijual;2025-01-21 18.00.00;Gudang Utama (Jakarta);Access Point WiFi 6;Peralatan Jaringan;Gudang Utama (Jakarta);;316;;
BRG-0234;Pesan Barang ke Pemasok;2025-09-25 10.10.00;PT Andalan Logistik;Air Purifier;Peralatan Rumah Tangga;Gudang Cabang (Semarang);1.975.000;;;
BRG-0234;Terima Barang di Gudang;2025-10-01 18.10.00;Gudang Cabang (Semarang);Air Purifier;Peralatan Rumah Tangga;Gudang Cabang (Semarang);;157;;
BRG-0234;Tetapkan Harga Jual;2025-10-03 15.10.00;Admin Penjualan;Air Purifier;Peralatan Rumah Tangga;Gudang Cabang (Semarang);;;2.343.000;18,64
BRG-0234;Barang Siap Dijual;2025-10-03 17.10.00;Gudang Cabang (Semarang);Air Purifier;Peralatan Rumah Tangga;Gudang Cabang (Semarang);;157;;
BRG-0235;Pesan Barang ke Pemasok;2025-01-24 06.10.00;PT Cipta Sarana;Air Purifier;Peralatan Rumah Tangga;Gudang Utama (Jakarta);12.500.000;;;
BRG-0235;Terima Barang di Gudang;2025-01-31 09.10.00;Gudang Utama (Jakarta);Air Purifier;Peralatan Rumah Tangga;Gudang Utama (Jakarta);;164;;
BRG-0235;Tetapkan Harga Jual;2025-02-01 01.10.00;Admin Penjualan;Air Purifier;Peralatan Rumah Tangga;Gudang Utama (Jakarta);;;15.189.000;21,51
BRG-0235;Barang Siap Dijual;2025-02-01 06.10.00;Gudang Utama (Jakarta);Air Purifier;Peralatan Rumah Tangga;Gudang Utama (Jakarta);;164;;
BRG-0236;Pesan Barang ke Pemasok;2025-04-17 17.20.00;CV Prima Elektronik;Kulkas 2 Pintu;Peralatan Rumah Tangga;Gudang Utama (Jakarta);8.450.000;;;
BRG-0236;Terima Barang di Gudang;2025-04-25 20.20.00;Gudang Utama (Jakarta);Kulkas 2 Pintu;Peralatan Rumah Tangga;Gudang Utama (Jakarta);;147;;
BRG-0236;Tetapkan Harga Jual;2025-04-26 22.20.00;Admin Penjualan;Kulkas 2 Pintu;Peralatan Rumah Tangga;Gudang Utama (Jakarta);;;9.741.000;15,28
BRG-0236;Barang Siap Dijual;2025-04-27 01.20.00;Gudang Utama (Jakarta);Kulkas 2 Pintu;Peralatan Rumah Tangga;Gudang Utama (Jakarta);;147;;
BRG-0237;Pesan Barang ke Pemasok;2025-04-14 14.00.00;CV Maju Bersama;Mesin Kopi Otomatis;Peralatan Rumah Tangga;Gudang Cabang (Semarang);7.775.000;;;
BRG-0237;Terima Barang di Gudang;2025-04-22 04.00.00;Gudang Cabang (Semarang);Mesin Kopi Otomatis;Peralatan Rumah Tangga;Gudang Cabang (Semarang);;158;;
BRG-0237;Tetapkan Harga Jual;2025-04-23 05.00.00;Admin Penjualan;Mesin Kopi Otomatis;Peralatan Rumah Tangga;Gudang Cabang (Semarang);;;10.065.000;29,45
BRG-0237;Barang Siap Dijual;2025-04-23 11.00.00;Gudang Cabang (Semarang);Mesin Kopi Otomatis;Peralatan Rumah Tangga;Gudang Cabang (Semarang);;158;;
BRG-0238;Pesan Barang ke Pemasok;2025-06-06 09.20.00;PT Andalan Logistik;Air Purifier;Peralatan Rumah Tangga;Gudang Cabang (Surabaya);9.750.000;;;
BRG-0238;Terima Barang di Gudang;2025-06-08 01.20.00;Gudang Cabang (Surabaya);Air Purifier;Peralatan Rumah Tangga;Gudang Cabang (Surabaya);;324;;
BRG-0238;Tetapkan Harga Jual;2025-06-08 07.20.00;Admin Penjualan;Air Purifier;Peralatan Rumah Tangga;Gudang Cabang (Surabaya);;;10.786.000;10,63
BRG-0238;Barang Siap Dijual;2025-06-09 00.20.00;Gudang Cabang (Surabaya);Air Purifier;Peralatan Rumah Tangga;Gudang Cabang (Surabaya);;324;;
BRG-0239;Pesan Barang ke Pemasok;2025-04-02 02.00.00;CV Mitra Jaya;Scanner Dokumen A4;Peralatan Kantor;Gudang Cabang (Makassar);7.150.000;;;
BRG-0239;Terima Barang di Gudang;2025-04-10 07.00.00;Gudang Cabang (Makassar);Scanner Dokumen A4;Peralatan Kantor;Gudang Cabang (Makassar);;87;;
BRG-0239;Tetapkan Harga Jual;2025-04-10 14.00.00;Admin Penjualan;Scanner Dokumen A4;Peralatan Kantor;Gudang Cabang (Makassar);;;8.157.000;14,08
BRG-0239;Barang Siap Dijual;2025-04-11 08.00.00;Gudang Cabang (Makassar);Scanner Dokumen A4;Peralatan Kantor;Gudang Cabang (Makassar);;87;;
BRG-0240;Pesan Barang ke Pemasok;2025-11-16 22.00.00;PT Global Persada;Mesin Kopi Otomatis;Peralatan Rumah Tangga;Gudang Cabang (Bandung);2.950.000;;;
BRG-0240;Terima Barang di Gudang;2025-11-22 12.00.00;Gudang Cabang (Bandung);Mesin Kopi Otomatis;Peralatan Rumah Tangga;Gudang Cabang (Bandung);;326;;
BRG-0240;Tetapkan Harga Jual;2025-11-23 13.00.00;Admin Penjualan;Mesin Kopi Otomatis;Peralatan Rumah Tangga;Gudang Cabang (Bandung);;;3.290.000;11,53
BRG-0240;Barang Siap Dijual;2025-11-23 18.00.00;Gudang Cabang (Bandung);Mesin Kopi Otomatis;Peralatan Rumah Tangga;Gudang Cabang (Bandung);;326;;
BRG-0241;Pesan Barang ke Pemasok;2025-07-15 18.10.00;CV Prima Elektronik;Mesin Kopi Otomatis;Peralatan Rumah Tangga;Gudang Cabang (Makassar);5.425.000;;;
BRG-0241;Terima Barang di Gudang;2025-07-24 06.10.00;Gudang Cabang (Makassar);Mesin Kopi Otomatis;Peralatan Rumah Tangga;Gudang Cabang (Makassar);;135;;
BRG-0241;Tetapkan Harga Jual;2025-07-24 17.10.00;Admin Penjualan;Mesin Kopi Otomatis;Peralatan Rumah Tangga;Gudang Cabang (Makassar);;;7.090.000;30,69
BRG-0241;Barang Siap Dijual;2025-07-25 02.10.00;Gudang Cabang (Makassar);Mesin Kopi Otomatis;Peralatan Rumah Tangga;Gudang Cabang (Makassar);;135;;
BRG-0242;Pesan Barang ke Pemasok;2025-07-26 17.40.00;CV Berkah Komputer;Power Bank 20000mAh;Aksesoris Elektronik;Gudang Cabang (Surabaya);7.650.000;;;
BRG-0242;Terima Barang di Gudang;2025-07-30 04.40.00;Gudang Cabang (Surabaya);Power Bank 20000mAh;Aksesoris Elektronik;Gudang Cabang (Surabaya);;139;;
BRG-0242;Tetapkan Harga Jual;2025-08-01 00.40.00;Admin Penjualan;Power Bank 20000mAh;Aksesoris Elektronik;Gudang Cabang (Surabaya);;;8.328.000;8,86
BRG-0242;Barang Siap Dijual;2025-08-01 08.40.00;Gudang Cabang (Surabaya);Power Bank 20000mAh;Aksesoris Elektronik;Gudang Cabang (Surabaya);;139;;
BRG-0243;Pesan Barang ke Pemasok;2025-10-14 00.00.00;PT Cipta Sarana;UPS 1200VA;Peralatan Listrik;Gudang Cabang (Semarang);12.600.000;;;
BRG-0243;Terima Barang di Gudang;2025-10-19 01.00.00;Gudang Cabang (Semarang);UPS 1200VA;Peralatan Listrik;Gudang Cabang (Semarang);;235;;
BRG-0243;Tetapkan Harga Jual;2025-10-19 12.00.00;Admin Penjualan;UPS 1200VA;Peralatan Listrik;Gudang Cabang (Semarang);;;15.509.000;23,09
BRG-0243;Barang Siap Dijual;2025-10-19 15.00.00;Gudang Cabang (Semarang);UPS 1200VA;Peralatan Listrik;Gudang Cabang (Semarang);;235;;
BRG-0244;Pesan Barang ke Pemasok;2025-09-22 11.20.00;CV Sentral Niaga;Speaker Bluetooth;Elektronik;Gudang Cabang (Medan);7.225.000;;;
BRG-0244;Terima Barang di Gudang;2025-09-26 15.20.00;Gudang Cabang (Medan);Speaker Bluetooth;Elektronik;Gudang Cabang (Medan);;198;;
BRG-0244;Tetapkan Harga Jual;2025-09-27 15.20.00;Admin Penjualan;Speaker Bluetooth;Elektronik;Gudang Cabang (Medan);;;8.754.000;21,16
BRG-0244;Barang Siap Dijual;2025-09-28 06.20.00;Gudang Cabang (Medan);Speaker Bluetooth;Elektronik;Gudang Cabang (Medan);;198;;
BRG-0245;Pesan Barang ke Pemasok;2025-09-10 08.00.00;PT Global Persada;Tablet 10 Inch;Elektronik;Gudang Utama (Jakarta);5.200.000;;;
BRG-0245;Terima Barang di Gudang;2025-09-17 12.00.00;Gudang Utama (Jakarta);Tablet 10 Inch;Elektronik;Gudang Utama (Jakarta);;256;;
BRG-0245;Tetapkan Harga Jual;2025-09-19 06.00.00;Admin Penjualan;Tablet 10 Inch;Elektronik;Gudang Utama (Jakarta);;;6.100.000;17,30
BRG-0245;Barang Siap Dijual;2025-09-19 23.00.00;Gudang Utama (Jakarta);Tablet 10 Inch;Elektronik;Gudang Utama (Jakarta);;256;;
BRG-0246;Pesan Barang ke Pemasok;2025-12-21 22.00.00;CV Prima Elektronik;Smart TV 43 Inch;Elektronik;Gudang Cabang (Makassar);8.775.000;;;
BRG-0246;Terima Barang di Gudang;2025-12-27 04.00.00;Gudang Cabang (Makassar);Smart TV 43 Inch;Elektronik;Gudang Cabang (Makassar);;314;;
BRG-0246;Tetapkan Harga Jual;2025-12-28 14.00.00;Admin Penjualan;Smart TV 43 Inch;Elektronik;Gudang Cabang (Makassar);;;9.607.000;9,48
BRG-0246;Barang Siap Dijual;2025-12-29 05.00.00;Gudang Cabang (Makassar);Smart TV 43 Inch;Elektronik;Gudang Cabang (Makassar);;314;;
BRG-0247;Pesan Barang ke Pemasok;2025-02-06 17.20.00;PT Global Persada;Access Point WiFi 6;Peralatan Jaringan;Gudang Cabang (Medan);9.550.000;;;
BRG-0247;Terima Barang di Gudang;2025-02-11 10.20.00;Gudang Cabang (Medan);Access Point WiFi 6;Peralatan Jaringan;Gudang Cabang (Medan);;206;;
BRG-0247;Tetapkan Harga Jual;2025-02-11 18.20.00;Admin Penjualan;Access Point WiFi 6;Peralatan Jaringan;Gudang Cabang (Medan);;;12.598.000;31,92
BRG-0247;Barang Siap Dijual;2025-02-12 01.20.00;Gudang Cabang (Medan);Access Point WiFi 6;Peralatan Jaringan;Gudang Cabang (Medan);;206;;
BRG-0248;Pesan Barang ke Pemasok;2025-12-03 16.20.00;PT Sinar Teknologi;Laptop Gaming X15;Elektronik;Gudang Cabang (Medan);11.925.000;;;
BRG-0248;Terima Barang di Gudang;2025-12-07 01.20.00;Gudang Cabang (Medan);Laptop Gaming X15;Elektronik;Gudang Cabang (Medan);;170;;
BRG-0248;Tetapkan Harga Jual;2025-12-07 15.20.00;Admin Penjualan;Laptop Gaming X15;Elektronik;Gudang Cabang (Medan);;;14.709.000;23,35
BRG-0248;Barang Siap Dijual;2025-12-08 00.20.00;Gudang Cabang (Medan);Laptop Gaming X15;Elektronik;Gudang Cabang (Medan);;170;;
BRG-0249;Pesan Barang ke Pemasok;2025-05-10 19.50.00;CV Prima Elektronik;Speaker Bluetooth;Elektronik;Gudang Cabang (Semarang);14.275.000;;;
BRG-0249;Terima Barang di Gudang;2025-05-16 23.50.00;Gudang Cabang (Semarang);Speaker Bluetooth;Elektronik;Gudang Cabang (Semarang);;77;;
BRG-0249;Tetapkan Harga Jual;2025-05-18 13.50.00;Admin Penjualan;Speaker Bluetooth;Elektronik;Gudang Cabang (Semarang);;;18.202.000;27,51
BRG-0249;Barang Siap Dijual;2025-05-18 15.50.00;Gudang Cabang (Semarang);Speaker Bluetooth;Elektronik;Gudang Cabang (Semarang);;77;;
BRG-0250;Pesan Barang ke Pemasok;2025-04-18 17.10.00;CV Prima Elektronik;Kulkas 2 Pintu;Peralatan Rumah Tangga;Gudang Cabang (Medan);14.200.000;;;
BRG-0250;Terima Barang di Gudang;2025-04-26 09.10.00;Gudang Cabang (Medan);Kulkas 2 Pintu;Peralatan Rumah Tangga;Gudang Cabang (Medan);;215;;
BRG-0250;Tetapkan Harga Jual;2025-04-28 04.10.00;Admin Penjualan;Kulkas 2 Pintu;Peralatan Rumah Tangga;Gudang Cabang (Medan);;;17.830.000;25,56
BRG-0250;Barang Siap Dijual;2025-04-28 09.10.00;Gudang Cabang (Medan);Kulkas 2 Pintu;Peralatan Rumah Tangga;Gudang Cabang (Medan);;215;;
BRG-0251;Pesan Barang ke Pemasok;2025-06-19 00.10.00;CV Sentral Niaga;Mouse Wireless Pro;Aksesoris Komputer;Gudang Cabang (Makassar);3.775.000;;;
BRG-0251;Terima Barang di Gudang;2025-06-21 09.10.00;Gudang Cabang (Makassar);Mouse Wireless Pro;Aksesoris Komputer;Gudang Cabang (Makassar);;309;;
BRG-0251;Tetapkan Harga Jual;2025-06-23 01.10.00;Admin Penjualan;Mouse Wireless Pro;Aksesoris Komputer;Gudang Cabang (Makassar);;;4.578.000;21,28
BRG-0251;Barang Siap Dijual;2025-06-23 15.10.00;Gudang Cabang (Makassar);Mouse Wireless Pro;Aksesoris Komputer;Gudang Cabang (Makassar);;309;;
BRG-0252;Pesan Barang ke Pemasok;2025-05-15 03.10.00;CV Maju Bersama;Mesin Kopi Otomatis;Peralatan Rumah Tangga;Gudang Cabang (Medan);8.375.000;;;
BRG-0252;Terima Barang di Gudang;2025-05-23 07.10.00;Gudang Cabang (Medan);Mesin Kopi Otomatis;Peralatan Rumah Tangga;Gudang Cabang (Medan);;135;;
BRG-0252;Tetapkan Harga Jual;2025-05-25 04.10.00;Admin Penjualan;Mesin Kopi Otomatis;Peralatan Rumah Tangga;Gudang Cabang (Medan);;;10.444.000;24,70
BRG-0252;Barang Siap Dijual;2025-05-25 10.10.00;Gudang Cabang (Medan);Mesin Kopi Otomatis;Peralatan Rumah Tangga;Gudang Cabang (Medan);;135;;
BRG-0253;Pesan Barang ke Pemasok;2025-09-16 18.20.00;PT Global Persada;DVR 16 Channel;Keamanan;Gudang Cabang (Bandung);5.450.000;;;
BRG-0253;Terima Barang di Gudang;2025-09-22 22.20.00;Gudang Cabang (Bandung);DVR 16 Channel;Keamanan;Gudang Cabang (Bandung);;236;;
BRG-0253;Tetapkan Harga Jual;2025-09-23 12.20.00;Admin Penjualan;DVR 16 Channel;Keamanan;Gudang Cabang (Bandung);;;6.124.000;12,36
BRG-0253;Barang Siap Dijual;2025-09-23 17.20.00;Gudang Cabang (Bandung);DVR 16 Channel;Keamanan;Gudang Cabang (Bandung);;236;;
BRG-0254;Pesan Barang ke Pemasok;2025-11-14 06.10.00;PT Nusantara Digital;Switch 24 Port;Peralatan Jaringan;Gudang Cabang (Surabaya);550.000;;;
BRG-0254;Terima Barang di Gudang;2025-11-21 12.10.00;Gudang Cabang (Surabaya);Switch 24 Port;Peralatan Jaringan;Gudang Cabang (Surabaya);;302;;
BRG-0254;Tetapkan Harga Jual;2025-11-22 10.10.00;Admin Penjualan;Switch 24 Port;Peralatan Jaringan;Gudang Cabang (Surabaya);;;667.000;21,20
BRG-0254;Barang Siap Dijual;2025-11-22 13.10.00;Gudang Cabang (Surabaya);Switch 24 Port;Peralatan Jaringan;Gudang Cabang (Surabaya);;302;;
BRG-0255;Pesan Barang ke Pemasok;2025-04-16 09.30.00;PT Sinar Teknologi;Scanner Dokumen A4;Peralatan Kantor;Gudang Cabang (Medan);7.725.000;;;
BRG-0255;Terima Barang di Gudang;2025-04-18 19.30.00;Gudang Cabang (Medan);Scanner Dokumen A4;Peralatan Kantor;Gudang Cabang (Medan);;29;;
BRG-0255;Tetapkan Harga Jual;2025-04-18 23.30.00;Admin Penjualan;Scanner Dokumen A4;Peralatan Kantor;Gudang Cabang (Medan);;;9.322.000;20,67
BRG-0255;Barang Siap Dijual;2025-04-19 01.30.00;Gudang Cabang (Medan);Scanner Dokumen A4;Peralatan Kantor;Gudang Cabang (Medan);;29;;
BRG-0256;Pesan Barang ke Pemasok;2025-02-11 00.30.00;PT Nusantara Digital;Kulkas 2 Pintu;Peralatan Rumah Tangga;Gudang Cabang (Semarang);9.200.000;;;
BRG-0256;Terima Barang di Gudang;2025-02-17 09.30.00;Gudang Cabang (Semarang);Kulkas 2 Pintu;Peralatan Rumah Tangga;Gudang Cabang (Semarang);;200;;
BRG-0256;Tetapkan Harga Jual;2025-02-19 01.30.00;Admin Penjualan;Kulkas 2 Pintu;Peralatan Rumah Tangga;Gudang Cabang (Semarang);;;10.227.000;11,16
BRG-0256;Barang Siap Dijual;2025-02-19 03.30.00;Gudang Cabang (Semarang);Kulkas 2 Pintu;Peralatan Rumah Tangga;Gudang Cabang (Semarang);;200;;
BRG-0257;Pesan Barang ke Pemasok;2025-01-17 20.20.00;CV Mitra Jaya;Air Purifier;Peralatan Rumah Tangga;Gudang Utama (Jakarta);6.475.000;;;
BRG-0257;Terima Barang di Gudang;2025-01-25 22.20.00;Gudang Utama (Jakarta);Air Purifier;Peralatan Rumah Tangga;Gudang Utama (Jakarta);;129;;
BRG-0257;Tetapkan Harga Jual;2025-01-27 17.20.00;Admin Penjualan;Air Purifier;Peralatan Rumah Tangga;Gudang Utama (Jakarta);;;7.525.000;16,22
BRG-0257;Barang Siap Dijual;2025-01-27 22.20.00;Gudang Utama (Jakarta);Air Purifier;Peralatan Rumah Tangga;Gudang Utama (Jakarta);;129;;
BRG-0258;Pesan Barang ke Pemasok;2025-10-30 09.50.00;PT Global Persada;Smart TV 43 Inch;Elektronik;Gudang Cabang (Medan);7.050.000;;;
BRG-0258;Terima Barang di Gudang;2025-10-31 15.50.00;Gudang Cabang (Medan);Smart TV 43 Inch;Elektronik;Gudang Cabang (Medan);;307;;
BRG-0258;Tetapkan Harga Jual;2025-11-01 21.50.00;Admin Penjualan;Smart TV 43 Inch;Elektronik;Gudang Cabang (Medan);;;9.294.000;31,83
BRG-0258;Barang Siap Dijual;2025-11-02 11.50.00;Gudang Cabang (Medan);Smart TV 43 Inch;Elektronik;Gudang Cabang (Medan);;307;;
BRG-0259;Pesan Barang ke Pemasok;2025-09-24 09.10.00;PT Sinar Teknologi;Smartphone Pro;Elektronik;Gudang Cabang (Makassar);12.575.000;;;
BRG-0259;Terima Barang di Gudang;2025-10-02 00.10.00;Gudang Cabang (Makassar);Smartphone Pro;Elektronik;Gudang Cabang (Makassar);;139;;
BRG-0259;Tetapkan Harga Jual;2025-10-02 20.10.00;Admin Penjualan;Smartphone Pro;Elektronik;Gudang Cabang (Makassar);;;13.767.000;9,48
BRG-0259;Barang Siap Dijual;2025-10-03 10.10.00;Gudang Cabang (Makassar);Smartphone Pro;Elektronik;Gudang Cabang (Makassar);;139;;
BRG-0260;Pesan Barang ke Pemasok;2025-11-24 18.00.00;CV Sentral Niaga;Kulkas 2 Pintu;Peralatan Rumah Tangga;Gudang Cabang (Makassar);12.150.000;;;
BRG-0260;Terima Barang di Gudang;2025-11-28 09.00.00;Gudang Cabang (Makassar);Kulkas 2 Pintu;Peralatan Rumah Tangga;Gudang Cabang (Makassar);;251;;
BRG-0260;Tetapkan Harga Jual;2025-11-30 01.00.00;Admin Penjualan;Kulkas 2 Pintu;Peralatan Rumah Tangga;Gudang Cabang (Makassar);;;13.387.000;10,18
BRG-0260;Barang Siap Dijual;2025-11-30 12.00.00;Gudang Cabang (Makassar);Kulkas 2 Pintu;Peralatan Rumah Tangga;Gudang Cabang (Makassar);;251;;
BRG-0261;Pesan Barang ke Pemasok;2025-08-02 15.20.00;CV Maju Bersama;UPS 1200VA;Peralatan Listrik;Gudang Cabang (Medan);3.700.000;;;
BRG-0261;Terima Barang di Gudang;2025-08-08 03.20.00;Gudang Cabang (Medan);UPS 1200VA;Peralatan Listrik;Gudang Cabang (Medan);;207;;
BRG-0261;Tetapkan Harga Jual;2025-08-10 00.20.00;Admin Penjualan;UPS 1200VA;Peralatan Listrik;Gudang Cabang (Medan);;;4.727.000;27,76
BRG-0261;Barang Siap Dijual;2025-08-10 10.20.00;Gudang Cabang (Medan);UPS 1200VA;Peralatan Listrik;Gudang Cabang (Medan);;207;;
BRG-0262;Pesan Barang ke Pemasok;2025-10-07 15.20.00;PT Andalan Logistik;Monitor LED 24 Inch;Elektronik;Gudang Cabang (Medan);3.500.000;;;
BRG-0262;Terima Barang di Gudang;2025-10-14 06.20.00;Gudang Cabang (Medan);Monitor LED 24 Inch;Elektronik;Gudang Cabang (Medan);;144;;
BRG-0262;Tetapkan Harga Jual;2025-10-15 21.20.00;Admin Penjualan;Monitor LED 24 Inch;Elektronik;Gudang Cabang (Medan);;;3.943.000;12,67
BRG-0262;Barang Siap Dijual;2025-10-16 02.20.00;Gudang Cabang (Medan);Monitor LED 24 Inch;Elektronik;Gudang Cabang (Medan);;144;;
BRG-0263;Pesan Barang ke Pemasok;2025-03-18 00.00.00;PT Global Persada;Kulkas 2 Pintu;Peralatan Rumah Tangga;Gudang Cabang (Semarang);5.025.000;;;
BRG-0263;Terima Barang di Gudang;2025-03-21 14.00.00;Gudang Cabang (Semarang);Kulkas 2 Pintu;Peralatan Rumah Tangga;Gudang Cabang (Semarang);;27;;
BRG-0263;Tetapkan Harga Jual;2025-03-22 14.00.00;Admin Penjualan;Kulkas 2 Pintu;Peralatan Rumah Tangga;Gudang Cabang (Semarang);;;5.928.000;17,97
BRG-0263;Barang Siap Dijual;2025-03-23 03.00.00;Gudang Cabang (Semarang);Kulkas 2 Pintu;Peralatan Rumah Tangga;Gudang Cabang (Semarang);;27;;
BRG-0264;Pesan Barang ke Pemasok;2025-05-20 14.50.00;PT Andalan Logistik;Kulkas 2 Pintu;Peralatan Rumah Tangga;Gudang Cabang (Surabaya);1.325.000;;;
BRG-0264;Terima Barang di Gudang;2025-05-27 19.50.00;Gudang Cabang (Surabaya);Kulkas 2 Pintu;Peralatan Rumah Tangga;Gudang Cabang (Surabaya);;278;;
BRG-0264;Tetapkan Harga Jual;2025-05-29 03.50.00;Admin Penjualan;Kulkas 2 Pintu;Peralatan Rumah Tangga;Gudang Cabang (Surabaya);;;1.546.000;16,71
BRG-0264;Barang Siap Dijual;2025-05-29 14.50.00;Gudang Cabang (Surabaya);Kulkas 2 Pintu;Peralatan Rumah Tangga;Gudang Cabang (Surabaya);;278;;
BRG-0265;Pesan Barang ke Pemasok;2025-05-08 15.30.00;CV Prima Elektronik;Power Bank 20000mAh;Aksesoris Elektronik;Gudang Cabang (Makassar);11.275.000;;;
BRG-0265;Terima Barang di Gudang;2025-05-15 03.30.00;Gudang Cabang (Makassar);Power Bank 20000mAh;Aksesoris Elektronik;Gudang Cabang (Makassar);;178;;
BRG-0265;Tetapkan Harga Jual;2025-05-15 10.30.00;Admin Penjualan;Power Bank 20000mAh;Aksesoris Elektronik;Gudang Cabang (Makassar);;;12.240.000;8,56
BRG-0265;Barang Siap Dijual;2025-05-16 04.30.00;Gudang Cabang (Makassar);Power Bank 20000mAh;Aksesoris Elektronik;Gudang Cabang (Makassar);;178;;
BRG-0266;Pesan Barang ke Pemasok;2025-03-10 22.50.00;PT Andalan Logistik;Power Bank 20000mAh;Aksesoris Elektronik;Gudang Cabang (Makassar);11.725.000;;;
BRG-0266;Terima Barang di Gudang;2025-03-18 12.50.00;Gudang Cabang (Makassar);Power Bank 20000mAh;Aksesoris Elektronik;Gudang Cabang (Makassar);;223;;
BRG-0266;Tetapkan Harga Jual;2025-03-18 15.50.00;Admin Penjualan;Power Bank 20000mAh;Aksesoris Elektronik;Gudang Cabang (Makassar);;;15.261.000;30,16
BRG-0266;Barang Siap Dijual;2025-03-18 22.50.00;Gudang Cabang (Makassar);Power Bank 20000mAh;Aksesoris Elektronik;Gudang Cabang (Makassar);;223;;
BRG-0267;Pesan Barang ke Pemasok;2025-12-28 19.40.00;CV Prima Elektronik;Smart TV 43 Inch;Elektronik;Gudang Cabang (Bandung);4.075.000;;;
BRG-0267;Terima Barang di Gudang;2025-12-30 22.40.00;Gudang Cabang (Bandung);Smart TV 43 Inch;Elektronik;Gudang Cabang (Bandung);;344;;
BRG-0267;Tetapkan Harga Jual;2026-01-01 12.40.00;Admin Penjualan;Smart TV 43 Inch;Elektronik;Gudang Cabang (Bandung);;;4.861.000;19,29
BRG-0267;Barang Siap Dijual;2026-01-02 00.40.00;Gudang Cabang (Bandung);Smart TV 43 Inch;Elektronik;Gudang Cabang (Bandung);;344;;
BRG-0268;Pesan Barang ke Pemasok;2025-12-23 21.10.00;PT Global Persada;Mouse Wireless Pro;Aksesoris Komputer;Gudang Utama (Jakarta);4.300.000;;;
BRG-0268;Terima Barang di Gudang;2025-12-26 10.10.00;Gudang Utama (Jakarta);Mouse Wireless Pro;Aksesoris Komputer;Gudang Utama (Jakarta);;324;;
BRG-0268;Tetapkan Harga Jual;2025-12-27 07.10.00;Admin Penjualan;Mouse Wireless Pro;Aksesoris Komputer;Gudang Utama (Jakarta);;;4.874.000;13,36
BRG-0268;Barang Siap Dijual;2025-12-27 12.10.00;Gudang Utama (Jakarta);Mouse Wireless Pro;Aksesoris Komputer;Gudang Utama (Jakarta);;324;;
BRG-0269;Pesan Barang ke Pemasok;2025-08-19 17.10.00;CV Sentral Niaga;Speaker Bluetooth;Elektronik;Gudang Utama (Jakarta);14.400.000;;;
BRG-0269;Terima Barang di Gudang;2025-08-22 01.10.00;Gudang Utama (Jakarta);Speaker Bluetooth;Elektronik;Gudang Utama (Jakarta);;344;;
BRG-0269;Tetapkan Harga Jual;2025-08-23 03.10.00;Admin Penjualan;Speaker Bluetooth;Elektronik;Gudang Utama (Jakarta);;;17.836.000;23,86
BRG-0269;Barang Siap Dijual;2025-08-23 14.10.00;Gudang Utama (Jakarta);Speaker Bluetooth;Elektronik;Gudang Utama (Jakarta);;344;;
BRG-0270;Pesan Barang ke Pemasok;2025-04-22 02.50.00;PT Andalan Logistik;Laptop Gaming X15;Elektronik;Gudang Utama (Jakarta);4.375.000;;;
BRG-0270;Terima Barang di Gudang;2025-04-23 04.50.00;Gudang Utama (Jakarta);Laptop Gaming X15;Elektronik;Gudang Utama (Jakarta);;229;;
BRG-0270;Tetapkan Harga Jual;2025-04-23 23.50.00;Admin Penjualan;Laptop Gaming X15;Elektronik;Gudang Utama (Jakarta);;;5.630.000;28,69
BRG-0270;Barang Siap Dijual;2025-04-24 01.50.00;Gudang Utama (Jakarta);Laptop Gaming X15;Elektronik;Gudang Utama (Jakarta);;229;;
BRG-0271;Pesan Barang ke Pemasok;2025-12-14 10.30.00;CV Maju Bersama;Scanner Dokumen A4;Peralatan Kantor;Gudang Cabang (Medan);600.000;;;
BRG-0271;Terima Barang di Gudang;2025-12-18 13.30.00;Gudang Cabang (Medan);Scanner Dokumen A4;Peralatan Kantor;Gudang Cabang (Medan);;247;;
BRG-0271;Tetapkan Harga Jual;2025-12-19 08.30.00;Admin Penjualan;Scanner Dokumen A4;Peralatan Kantor;Gudang Cabang (Medan);;;712.000;18,65
BRG-0271;Barang Siap Dijual;2025-12-19 16.30.00;Gudang Cabang (Medan);Scanner Dokumen A4;Peralatan Kantor;Gudang Cabang (Medan);;247;;
BRG-0272;Pesan Barang ke Pemasok;2025-10-02 01.10.00;CV Sentral Niaga;UPS 1200VA;Peralatan Listrik;Gudang Cabang (Medan);550.000;;;
BRG-0272;Terima Barang di Gudang;2025-10-08 09.10.00;Gudang Cabang (Medan);UPS 1200VA;Peralatan Listrik;Gudang Cabang (Medan);;278;;
BRG-0272;Tetapkan Harga Jual;2025-10-09 01.10.00;Admin Penjualan;UPS 1200VA;Peralatan Listrik;Gudang Cabang (Medan);;;629.000;14,29
BRG-0272;Barang Siap Dijual;2025-10-09 06.10.00;Gudang Cabang (Medan);UPS 1200VA;Peralatan Listrik;Gudang Cabang (Medan);;278;;
BRG-0273;Pesan Barang ke Pemasok;2025-12-18 04.50.00;CV Maju Bersama;Mouse Wireless Pro;Aksesoris Komputer;Gudang Cabang (Medan);12.875.000;;;
BRG-0273;Terima Barang di Gudang;2025-12-25 16.50.00;Gudang Cabang (Medan);Mouse Wireless Pro;Aksesoris Komputer;Gudang Cabang (Medan);;252;;
BRG-0273;Tetapkan Harga Jual;2025-12-27 12.50.00;Admin Penjualan;Mouse Wireless Pro;Aksesoris Komputer;Gudang Cabang (Medan);;;16.941.000;31,58
BRG-0273;Barang Siap Dijual;2025-12-27 20.50.00;Gudang Cabang (Medan);Mouse Wireless Pro;Aksesoris Komputer;Gudang Cabang (Medan);;252;;
BRG-0274;Pesan Barang ke Pemasok;2025-12-09 00.30.00;PT Andalan Logistik;Smart TV 43 Inch;Elektronik;Gudang Cabang (Surabaya);4.500.000;;;
BRG-0274;Terima Barang di Gudang;2025-12-11 04.30.00;Gudang Cabang (Surabaya);Smart TV 43 Inch;Elektronik;Gudang Cabang (Surabaya);;134;;
BRG-0274;Tetapkan Harga Jual;2025-12-11 17.30.00;Admin Penjualan;Smart TV 43 Inch;Elektronik;Gudang Cabang (Surabaya);;;5.435.000;20,78
BRG-0274;Barang Siap Dijual;2025-12-12 11.30.00;Gudang Cabang (Surabaya);Smart TV 43 Inch;Elektronik;Gudang Cabang (Surabaya);;134;;
BRG-0275;Pesan Barang ke Pemasok;2025-10-16 02.10.00;CV Prima Elektronik;Keyboard Mechanical RGB;Aksesoris Komputer;Gudang Cabang (Bandung);14.600.000;;;
BRG-0275;Terima Barang di Gudang;2025-10-19 18.10.00;Gudang Cabang (Bandung);Keyboard Mechanical RGB;Aksesoris Komputer;Gudang Cabang (Bandung);;314;;
BRG-0275;Tetapkan Harga Jual;2025-10-20 03.10.00;Admin Penjualan;Keyboard Mechanical RGB;Aksesoris Komputer;Gudang Cabang (Bandung);;;19.160.000;31,23
BRG-0275;Barang Siap Dijual;2025-10-20 17.10.00;Gudang Cabang (Bandung);Keyboard Mechanical RGB;Aksesoris Komputer;Gudang Cabang (Bandung);;314;;
BRG-0276;Pesan Barang ke Pemasok;2025-02-20 01.00.00;CV Prima Elektronik;Kamera CCTV 4MP;Keamanan;Gudang Cabang (Semarang);7.725.000;;;
BRG-0276;Terima Barang di Gudang;2025-02-24 19.00.00;Gudang Cabang (Semarang);Kamera CCTV 4MP;Keamanan;Gudang Cabang (Semarang);;23;;
BRG-0276;Tetapkan Harga Jual;2025-02-26 02.00.00;Admin Penjualan;Kamera CCTV 4MP;Keamanan;Gudang Cabang (Semarang);;;8.640.000;11,85
BRG-0276;Barang Siap Dijual;2025-02-26 13.00.00;Gudang Cabang (Semarang);Kamera CCTV 4MP;Keamanan;Gudang Cabang (Semarang);;23;;
BRG-0277;Pesan Barang ke Pemasok;2025-09-23 22.10.00;CV Berkah Komputer;Monitor LED 24 Inch;Elektronik;Gudang Utama (Jakarta);13.000.000;;;
BRG-0277;Terima Barang di Gudang;2025-09-27 14.10.00;Gudang Utama (Jakarta);Monitor LED 24 Inch;Elektronik;Gudang Utama (Jakarta);;153;;
BRG-0277;Tetapkan Harga Jual;2025-09-28 11.10.00;Admin Penjualan;Monitor LED 24 Inch;Elektronik;Gudang Utama (Jakarta);;;16.481.000;26,78
BRG-0277;Barang Siap Dijual;2025-09-28 13.10.00;Gudang Utama (Jakarta);Monitor LED 24 Inch;Elektronik;Gudang Utama (Jakarta);;153;;
BRG-0278;Pesan Barang ke Pemasok;2025-11-23 07.30.00;CV Prima Elektronik;Air Purifier;Peralatan Rumah Tangga;Gudang Cabang (Bandung);5.075.000;;;
BRG-0278;Terima Barang di Gudang;2025-11-24 10.30.00;Gudang Cabang (Bandung);Air Purifier;Peralatan Rumah Tangga;Gudang Cabang (Bandung);;299;;
BRG-0278;Tetapkan Harga Jual;2025-11-25 05.30.00;Admin Penjualan;Air Purifier;Peralatan Rumah Tangga;Gudang Cabang (Bandung);;;6.211.000;22,39
BRG-0278;Barang Siap Dijual;2025-11-25 20.30.00;Gudang Cabang (Bandung);Air Purifier;Peralatan Rumah Tangga;Gudang Cabang (Bandung);;299;;
BRG-0279;Pesan Barang ke Pemasok;2025-03-10 16.00.00;CV Mitra Jaya;Router AX3000;Peralatan Jaringan;Gudang Cabang (Surabaya);12.100.000;;;
BRG-0279;Terima Barang di Gudang;2025-03-12 01.00.00;Gudang Cabang (Surabaya);Router AX3000;Peralatan Jaringan;Gudang Cabang (Surabaya);;271;;
BRG-0279;Tetapkan Harga Jual;2025-03-12 19.00.00;Admin Penjualan;Router AX3000;Peralatan Jaringan;Gudang Cabang (Surabaya);;;15.953.000;31,84
BRG-0279;Barang Siap Dijual;2025-03-13 10.00.00;Gudang Cabang (Surabaya);Router AX3000;Peralatan Jaringan;Gudang Cabang (Surabaya);;271;;
BRG-0280;Pesan Barang ke Pemasok;2025-03-30 09.30.00;PT Nusantara Digital;Router AX3000;Peralatan Jaringan;Gudang Cabang (Bandung);3.425.000;;;
BRG-0280;Terima Barang di Gudang;2025-04-07 02.30.00;Gudang Cabang (Bandung);Router AX3000;Peralatan Jaringan;Gudang Cabang (Bandung);;288;;
BRG-0280;Tetapkan Harga Jual;2025-04-08 03.30.00;Admin Penjualan;Router AX3000;Peralatan Jaringan;Gudang Cabang (Bandung);;;3.793.000;10,75
BRG-0280;Barang Siap Dijual;2025-04-08 12.30.00;Gudang Cabang (Bandung);Router AX3000;Peralatan Jaringan;Gudang Cabang (Bandung);;288;;
BRG-0281;Pesan Barang ke Pemasok;2025-11-02 09.30.00;PT Nusantara Digital;Access Point WiFi 6;Peralatan Jaringan;Gudang Cabang (Makassar);5.975.000;;;
BRG-0281;Terima Barang di Gudang;2025-11-04 10.30.00;Gudang Cabang (Makassar);Access Point WiFi 6;Peralatan Jaringan;Gudang Cabang (Makassar);;124;;
BRG-0281;Tetapkan Harga Jual;2025-11-05 15.30.00;Admin Penjualan;Access Point WiFi 6;Peralatan Jaringan;Gudang Cabang (Makassar);;;7.333.000;22,73
BRG-0281;Barang Siap Dijual;2025-11-06 02.30.00;Gudang Cabang (Makassar);Access Point WiFi 6;Peralatan Jaringan;Gudang Cabang (Makassar);;124;;
BRG-0282;Pesan Barang ke Pemasok;2025-07-22 04.10.00;PT Sinar Teknologi;Scanner Dokumen A4;Peralatan Kantor;Gudang Cabang (Semarang);8.075.000;;;
BRG-0282;Terima Barang di Gudang;2025-07-30 15.10.00;Gudang Cabang (Semarang);Scanner Dokumen A4;Peralatan Kantor;Gudang Cabang (Semarang);;231;;
BRG-0282;Tetapkan Harga Jual;2025-07-31 02.10.00;Admin Penjualan;Scanner Dokumen A4;Peralatan Kantor;Gudang Cabang (Semarang);;;10.513.000;30,19
BRG-0282;Barang Siap Dijual;2025-07-31 15.10.00;Gudang Cabang (Semarang);Scanner Dokumen A4;Peralatan Kantor;Gudang Cabang (Semarang);;231;;
BRG-0283;Pesan Barang ke Pemasok;2025-06-03 13.00.00;PT Andalan Logistik;UPS 1200VA;Peralatan Listrik;Gudang Utama (Jakarta);13.950.000;;;
BRG-0283;Terima Barang di Gudang;2025-06-05 05.00.00;Gudang Utama (Jakarta);UPS 1200VA;Peralatan Listrik;Gudang Utama (Jakarta);;255;;
BRG-0283;Tetapkan Harga Jual;2025-06-07 04.00.00;Admin Penjualan;UPS 1200VA;Peralatan Listrik;Gudang Utama (Jakarta);;;16.363.000;17,30
BRG-0283;Barang Siap Dijual;2025-06-07 22.00.00;Gudang Utama (Jakarta);UPS 1200VA;Peralatan Listrik;Gudang Utama (Jakarta);;255;;
BRG-0284;Pesan Barang ke Pemasok;2025-02-26 03.50.00;CV Mitra Jaya;Smart TV 43 Inch;Elektronik;Gudang Cabang (Semarang);12.350.000;;;
BRG-0284;Terima Barang di Gudang;2025-03-05 10.50.00;Gudang Cabang (Semarang);Smart TV 43 Inch;Elektronik;Gudang Cabang (Semarang);;150;;
BRG-0284;Tetapkan Harga Jual;2025-03-06 17.50.00;Admin Penjualan;Smart TV 43 Inch;Elektronik;Gudang Cabang (Semarang);;;15.216.000;23,21
BRG-0284;Barang Siap Dijual;2025-03-07 00.50.00;Gudang Cabang (Semarang);Smart TV 43 Inch;Elektronik;Gudang Cabang (Semarang);;150;;
BRG-0285;Pesan Barang ke Pemasok;2025-03-31 04.30.00;PT Nusantara Digital;Speaker Bluetooth;Elektronik;Gudang Cabang (Bandung);8.850.000;;;
BRG-0285;Terima Barang di Gudang;2025-04-08 12.30.00;Gudang Cabang (Bandung);Speaker Bluetooth;Elektronik;Gudang Cabang (Bandung);;60;;
BRG-0285;Tetapkan Harga Jual;2025-04-09 18.30.00;Admin Penjualan;Speaker Bluetooth;Elektronik;Gudang Cabang (Bandung);;;10.608.000;19,87
BRG-0285;Barang Siap Dijual;2025-04-09 23.30.00;Gudang Cabang (Bandung);Speaker Bluetooth;Elektronik;Gudang Cabang (Bandung);;60;;
BRG-0286;Pesan Barang ke Pemasok;2025-12-28 21.30.00;CV Berkah Komputer;Router AX3000;Peralatan Jaringan;Gudang Cabang (Bandung);3.800.000;;;
BRG-0286;Terima Barang di Gudang;2026-01-05 12.30.00;Gudang Cabang (Bandung);Router AX3000;Peralatan Jaringan;Gudang Cabang (Bandung);;316;;
BRG-0286;Tetapkan Harga Jual;2026-01-07 06.30.00;Admin Penjualan;Router AX3000;Peralatan Jaringan;Gudang Cabang (Bandung);;;4.258.000;12,04
BRG-0286;Barang Siap Dijual;2026-01-07 08.30.00;Gudang Cabang (Bandung);Router AX3000;Peralatan Jaringan;Gudang Cabang (Bandung);;316;;
BRG-0287;Pesan Barang ke Pemasok;2025-11-13 08.40.00;CV Prima Elektronik;Kulkas 2 Pintu;Peralatan Rumah Tangga;Gudang Cabang (Makassar);3.425.000;;;
BRG-0287;Terima Barang di Gudang;2025-11-14 10.40.00;Gudang Cabang (Makassar);Kulkas 2 Pintu;Peralatan Rumah Tangga;Gudang Cabang (Makassar);;91;;
BRG-0287;Tetapkan Harga Jual;2025-11-15 05.40.00;Admin Penjualan;Kulkas 2 Pintu;Peralatan Rumah Tangga;Gudang Cabang (Makassar);;;3.876.000;13,17
BRG-0287;Barang Siap Dijual;2025-11-15 19.40.00;Gudang Cabang (Makassar);Kulkas 2 Pintu;Peralatan Rumah Tangga;Gudang Cabang (Makassar);;91;;
BRG-0288;Pesan Barang ke Pemasok;2025-06-07 16.50.00;PT Global Persada;Router AX3000;Peralatan Jaringan;Gudang Cabang (Medan);9.475.000;;;
BRG-0288;Terima Barang di Gudang;2025-06-12 08.50.00;Gudang Cabang (Medan);Router AX3000;Peralatan Jaringan;Gudang Cabang (Medan);;314;;
BRG-0288;Tetapkan Harga Jual;2025-06-13 05.50.00;Admin Penjualan;Router AX3000;Peralatan Jaringan;Gudang Cabang (Medan);;;11.518.000;21,56
BRG-0288;Barang Siap Dijual;2025-06-13 23.50.00;Gudang Cabang (Medan);Router AX3000;Peralatan Jaringan;Gudang Cabang (Medan);;314;;
BRG-0289;Pesan Barang ke Pemasok;2025-05-30 16.00.00;PT Cipta Sarana;Scanner Dokumen A4;Peralatan Kantor;Gudang Cabang (Surabaya);1.650.000;;;
BRG-0289;Terima Barang di Gudang;2025-06-07 17.00.00;Gudang Cabang (Surabaya);Scanner Dokumen A4;Peralatan Kantor;Gudang Cabang (Surabaya);;159;;
BRG-0289;Tetapkan Harga Jual;2025-06-07 21.00.00;Admin Penjualan;Scanner Dokumen A4;Peralatan Kantor;Gudang Cabang (Surabaya);;;1.984.000;20,22
BRG-0289;Barang Siap Dijual;2025-06-08 11.00.00;Gudang Cabang (Surabaya);Scanner Dokumen A4;Peralatan Kantor;Gudang Cabang (Surabaya);;159;;
BRG-0290;Pesan Barang ke Pemasok;2025-09-30 05.00.00;PT Sinar Teknologi;Speaker Bluetooth;Elektronik;Gudang Cabang (Surabaya);3.025.000;;;
BRG-0290;Terima Barang di Gudang;2025-10-05 22.00.00;Gudang Cabang (Surabaya);Speaker Bluetooth;Elektronik;Gudang Cabang (Surabaya);;330;;
BRG-0290;Tetapkan Harga Jual;2025-10-07 15.00.00;Admin Penjualan;Speaker Bluetooth;Elektronik;Gudang Cabang (Surabaya);;;3.432.000;13,45
BRG-0290;Barang Siap Dijual;2025-10-07 19.00.00;Gudang Cabang (Surabaya);Speaker Bluetooth;Elektronik;Gudang Cabang (Surabaya);;330;;
BRG-0291;Pesan Barang ke Pemasok;2025-07-02 05.50.00;PT Andalan Logistik;Tablet 10 Inch;Elektronik;Gudang Cabang (Bandung);12.975.000;;;
BRG-0291;Terima Barang di Gudang;2025-07-08 09.50.00;Gudang Cabang (Bandung);Tablet 10 Inch;Elektronik;Gudang Cabang (Bandung);;97;;
BRG-0291;Tetapkan Harga Jual;2025-07-09 11.50.00;Admin Penjualan;Tablet 10 Inch;Elektronik;Gudang Cabang (Bandung);;;14.197.000;9,42
BRG-0291;Barang Siap Dijual;2025-07-09 20.50.00;Gudang Cabang (Bandung);Tablet 10 Inch;Elektronik;Gudang Cabang (Bandung);;97;;
BRG-0292;Pesan Barang ke Pemasok;2025-02-24 17.00.00;CV Mitra Jaya;Printer LaserJet;Peralatan Kantor;Gudang Cabang (Makassar);12.475.000;;;
BRG-0292;Terima Barang di Gudang;2025-03-01 11.00.00;Gudang Cabang (Makassar);Printer LaserJet;Peralatan Kantor;Gudang Cabang (Makassar);;305;;
BRG-0292;Tetapkan Harga Jual;2025-03-03 05.00.00;Admin Penjualan;Printer LaserJet;Peralatan Kantor;Gudang Cabang (Makassar);;;13.653.000;9,44
BRG-0292;Barang Siap Dijual;2025-03-03 23.00.00;Gudang Cabang (Makassar);Printer LaserJet;Peralatan Kantor;Gudang Cabang (Makassar);;305;;
BRG-0293;Pesan Barang ke Pemasok;2025-10-10 20.00.00;CV Prima Elektronik;Switch 24 Port;Peralatan Jaringan;Gudang Cabang (Bandung);1.400.000;;;
BRG-0293;Terima Barang di Gudang;2025-10-13 23.00.00;Gudang Cabang (Bandung);Switch 24 Port;Peralatan Jaringan;Gudang Cabang (Bandung);;79;;
BRG-0293;Tetapkan Harga Jual;2025-10-14 10.00.00;Admin Penjualan;Switch 24 Port;Peralatan Jaringan;Gudang Cabang (Bandung);;;1.720.000;22,84
BRG-0293;Barang Siap Dijual;2025-10-14 16.00.00;Gudang Cabang (Bandung);Switch 24 Port;Peralatan Jaringan;Gudang Cabang (Bandung);;79;;
BRG-0294;Pesan Barang ke Pemasok;2025-03-28 03.40.00;CV Maju Bersama;Mesin Kopi Otomatis;Peralatan Rumah Tangga;Gudang Cabang (Surabaya);13.150.000;;;
BRG-0294;Terima Barang di Gudang;2025-03-31 17.40.00;Gudang Cabang (Surabaya);Mesin Kopi Otomatis;Peralatan Rumah Tangga;Gudang Cabang (Surabaya);;78;;
BRG-0294;Tetapkan Harga Jual;2025-04-01 15.40.00;Admin Penjualan;Mesin Kopi Otomatis;Peralatan Rumah Tangga;Gudang Cabang (Surabaya);;;16.004.000;21,70
BRG-0294;Barang Siap Dijual;2025-04-02 03.40.00;Gudang Cabang (Surabaya);Mesin Kopi Otomatis;Peralatan Rumah Tangga;Gudang Cabang (Surabaya);;78;;
BRG-0295;Pesan Barang ke Pemasok;2025-07-16 21.40.00;PT Global Persada;Air Purifier;Peralatan Rumah Tangga;Gudang Cabang (Medan);8.075.000;;;
BRG-0295;Terima Barang di Gudang;2025-07-20 05.40.00;Gudang Cabang (Medan);Air Purifier;Peralatan Rumah Tangga;Gudang Cabang (Medan);;130;;
BRG-0295;Tetapkan Harga Jual;2025-07-21 11.40.00;Admin Penjualan;Air Purifier;Peralatan Rumah Tangga;Gudang Cabang (Medan);;;8.824.000;9,27
BRG-0295;Barang Siap Dijual;2025-07-22 04.40.00;Gudang Cabang (Medan);Air Purifier;Peralatan Rumah Tangga;Gudang Cabang (Medan);;130;;
BRG-0296;Pesan Barang ke Pemasok;2025-07-25 20.40.00;PT Cipta Sarana;Smart TV 43 Inch;Elektronik;Gudang Utama (Jakarta);8.275.000;;;
BRG-0296;Terima Barang di Gudang;2025-08-02 05.40.00;Gudang Utama (Jakarta);Smart TV 43 Inch;Elektronik;Gudang Utama (Jakarta);;273;;
BRG-0296;Tetapkan Harga Jual;2025-08-02 16.40.00;Admin Penjualan;Smart TV 43 Inch;Elektronik;Gudang Utama (Jakarta);;;10.027.000;21,17
BRG-0296;Barang Siap Dijual;2025-08-02 21.40.00;Gudang Utama (Jakarta);Smart TV 43 Inch;Elektronik;Gudang Utama (Jakarta);;273;;
BRG-0297;Pesan Barang ke Pemasok;2025-09-19 10.50.00;PT Nusantara Digital;Laptop Gaming X15;Elektronik;Gudang Cabang (Semarang);3.375.000;;;
BRG-0297;Terima Barang di Gudang;2025-09-23 22.50.00;Gudang Cabang (Semarang);Laptop Gaming X15;Elektronik;Gudang Cabang (Semarang);;323;;
BRG-0297;Tetapkan Harga Jual;2025-09-25 15.50.00;Admin Penjualan;Laptop Gaming X15;Elektronik;Gudang Cabang (Semarang);;;3.673.000;8,83
BRG-0297;Barang Siap Dijual;2025-09-25 20.50.00;Gudang Cabang (Semarang);Laptop Gaming X15;Elektronik;Gudang Cabang (Semarang);;323;;
BRG-0298;Pesan Barang ke Pemasok;2025-07-15 09.40.00;CV Maju Bersama;DVR 16 Channel;Keamanan;Gudang Cabang (Makassar);5.675.000;;;
BRG-0298;Terima Barang di Gudang;2025-07-20 17.40.00;Gudang Cabang (Makassar);DVR 16 Channel;Keamanan;Gudang Cabang (Makassar);;118;;
BRG-0298;Tetapkan Harga Jual;2025-07-22 16.40.00;Admin Penjualan;DVR 16 Channel;Keamanan;Gudang Cabang (Makassar);;;6.732.000;18,62
BRG-0298;Barang Siap Dijual;2025-07-22 23.40.00;Gudang Cabang (Makassar);DVR 16 Channel;Keamanan;Gudang Cabang (Makassar);;118;;
BRG-0299;Pesan Barang ke Pemasok;2025-08-30 19.10.00;PT Andalan Logistik;Mouse Wireless Pro;Aksesoris Komputer;Gudang Cabang (Semarang);12.900.000;;;
BRG-0299;Terima Barang di Gudang;2025-09-07 03.10.00;Gudang Cabang (Semarang);Mouse Wireless Pro;Aksesoris Komputer;Gudang Cabang (Semarang);;34;;
BRG-0299;Tetapkan Harga Jual;2025-09-08 08.10.00;Admin Penjualan;Mouse Wireless Pro;Aksesoris Komputer;Gudang Cabang (Semarang);;;16.124.000;24,99
BRG-0299;Barang Siap Dijual;2025-09-08 11.10.00;Gudang Cabang (Semarang);Mouse Wireless Pro;Aksesoris Komputer;Gudang Cabang (Semarang);;34;;
BRG-0300;Pesan Barang ke Pemasok;2025-05-10 06.30.00;CV Prima Elektronik;Access Point WiFi 6;Peralatan Jaringan;Gudang Cabang (Bandung);11.275.000;;;
BRG-0300;Terima Barang di Gudang;2025-05-18 20.30.00;Gudang Cabang (Bandung);Access Point WiFi 6;Peralatan Jaringan;Gudang Cabang (Bandung);;110;;
BRG-0300;Tetapkan Harga Jual;2025-05-19 18.30.00;Admin Penjualan;Access Point WiFi 6;Peralatan Jaringan;Gudang Cabang (Bandung);;;14.288.000;26,72
BRG-0300;Barang Siap Dijual;2025-05-20 01.30.00;Gudang Cabang (Bandung);Access Point WiFi 6;Peralatan Jaringan;Gudang Cabang (Bandung);;110;;
BRG-0301;Pesan Barang ke Pemasok;2025-09-18 18.30.00;PT Andalan Logistik;Scanner Dokumen A4;Peralatan Kantor;Gudang Utama (Jakarta);8.825.000;;;
BRG-0301;Terima Barang di Gudang;2025-09-26 00.30.00;Gudang Utama (Jakarta);Scanner Dokumen A4;Peralatan Kantor;Gudang Utama (Jakarta);;187;;
BRG-0301;Tetapkan Harga Jual;2025-09-27 19.30.00;Admin Penjualan;Scanner Dokumen A4;Peralatan Kantor;Gudang Utama (Jakarta);;;10.811.000;22,50
BRG-0301;Barang Siap Dijual;2025-09-28 12.30.00;Gudang Utama (Jakarta);Scanner Dokumen A4;Peralatan Kantor;Gudang Utama (Jakarta);;187;;
BRG-0302;Pesan Barang ke Pemasok;2025-09-15 06.00.00;PT Sinar Teknologi;Tablet 10 Inch;Elektronik;Gudang Cabang (Medan);6.125.000;;;
BRG-0302;Terima Barang di Gudang;2025-09-20 09.00.00;Gudang Cabang (Medan);Tablet 10 Inch;Elektronik;Gudang Cabang (Medan);;289;;
BRG-0302;Tetapkan Harga Jual;2025-09-21 18.00.00;Admin Penjualan;Tablet 10 Inch;Elektronik;Gudang Cabang (Medan);;;6.907.000;12,76
BRG-0302;Barang Siap Dijual;2025-09-22 11.00.00;Gudang Cabang (Medan);Tablet 10 Inch;Elektronik;Gudang Cabang (Medan);;289;;
BRG-0303;Pesan Barang ke Pemasok;2025-10-14 06.10.00;PT Nusantara Digital;Kamera CCTV 4MP;Keamanan;Gudang Utama (Jakarta);9.950.000;;;
BRG-0303;Terima Barang di Gudang;2025-10-17 21.10.00;Gudang Utama (Jakarta);Kamera CCTV 4MP;Keamanan;Gudang Utama (Jakarta);;174;;
BRG-0303;Tetapkan Harga Jual;2025-10-19 16.10.00;Admin Penjualan;Kamera CCTV 4MP;Keamanan;Gudang Utama (Jakarta);;;11.656.000;17,15
BRG-0303;Barang Siap Dijual;2025-10-20 10.10.00;Gudang Utama (Jakarta);Kamera CCTV 4MP;Keamanan;Gudang Utama (Jakarta);;174;;
BRG-0304;Pesan Barang ke Pemasok;2025-02-17 19.50.00;PT Nusantara Digital;Mesin Kopi Otomatis;Peralatan Rumah Tangga;Gudang Cabang (Bandung);10.350.000;;;
BRG-0304;Terima Barang di Gudang;2025-02-24 11.50.00;Gudang Cabang (Bandung);Mesin Kopi Otomatis;Peralatan Rumah Tangga;Gudang Cabang (Bandung);;70;;
BRG-0304;Tetapkan Harga Jual;2025-02-26 05.50.00;Admin Penjualan;Mesin Kopi Otomatis;Peralatan Rumah Tangga;Gudang Cabang (Bandung);;;13.572.000;31,13
BRG-0304;Barang Siap Dijual;2025-02-26 08.50.00;Gudang Cabang (Bandung);Mesin Kopi Otomatis;Peralatan Rumah Tangga;Gudang Cabang (Bandung);;70;;
BRG-0305;Pesan Barang ke Pemasok;2025-11-29 11.10.00;CV Sentral Niaga;Air Purifier;Peralatan Rumah Tangga;Gudang Cabang (Makassar);11.150.000;;;
BRG-0305;Terima Barang di Gudang;2025-12-06 14.10.00;Gudang Cabang (Makassar);Air Purifier;Peralatan Rumah Tangga;Gudang Cabang (Makassar);;106;;
BRG-0305;Tetapkan Harga Jual;2025-12-08 13.10.00;Admin Penjualan;Air Purifier;Peralatan Rumah Tangga;Gudang Cabang (Makassar);;;13.873.000;24,42
BRG-0305;Barang Siap Dijual;2025-12-08 15.10.00;Gudang Cabang (Makassar);Air Purifier;Peralatan Rumah Tangga;Gudang Cabang (Makassar);;106;;
BRG-0306;Pesan Barang ke Pemasok;2025-10-05 03.30.00;CV Sentral Niaga;Monitor LED 24 Inch;Elektronik;Gudang Cabang (Bandung);14.150.000;;;
BRG-0306;Terima Barang di Gudang;2025-10-13 19.30.00;Gudang Cabang (Bandung);Monitor LED 24 Inch;Elektronik;Gudang Cabang (Bandung);;29;;
BRG-0306;Tetapkan Harga Jual;2025-10-15 06.30.00;Admin Penjualan;Monitor LED 24 Inch;Elektronik;Gudang Cabang (Bandung);;;17.778.000;25,64
BRG-0306;Barang Siap Dijual;2025-10-15 16.30.00;Gudang Cabang (Bandung);Monitor LED 24 Inch;Elektronik;Gudang Cabang (Bandung);;29;;
BRG-0307;Pesan Barang ke Pemasok;2025-02-04 00.20.00;CV Maju Bersama;Monitor LED 24 Inch;Elektronik;Gudang Cabang (Makassar);10.475.000;;;
BRG-0307;Terima Barang di Gudang;2025-02-05 17.20.00;Gudang Cabang (Makassar);Monitor LED 24 Inch;Elektronik;Gudang Cabang (Makassar);;313;;
BRG-0307;Tetapkan Harga Jual;2025-02-05 19.20.00;Admin Penjualan;Monitor LED 24 Inch;Elektronik;Gudang Cabang (Makassar);;;11.956.000;14,14
BRG-0307;Barang Siap Dijual;2025-02-06 03.20.00;Gudang Cabang (Makassar);Monitor LED 24 Inch;Elektronik;Gudang Cabang (Makassar);;313;;
BRG-0308;Pesan Barang ke Pemasok;2025-10-20 17.50.00;PT Andalan Logistik;Smartphone Pro;Elektronik;Gudang Cabang (Medan);11.075.000;;;
BRG-0308;Terima Barang di Gudang;2025-10-24 21.50.00;Gudang Cabang (Medan);Smartphone Pro;Elektronik;Gudang Cabang (Medan);;150;;
BRG-0308;Tetapkan Harga Jual;2025-10-25 05.50.00;Admin Penjualan;Smartphone Pro;Elektronik;Gudang Cabang (Medan);;;13.240.000;19,55
BRG-0308;Barang Siap Dijual;2025-10-25 10.50.00;Gudang Cabang (Medan);Smartphone Pro;Elektronik;Gudang Cabang (Medan);;150;;
BRG-0309;Pesan Barang ke Pemasok;2025-04-24 20.40.00;CV Prima Elektronik;Keyboard Mechanical RGB;Aksesoris Komputer;Gudang Cabang (Semarang);13.850.000;;;
BRG-0309;Terima Barang di Gudang;2025-04-29 06.40.00;Gudang Cabang (Semarang);Keyboard Mechanical RGB;Aksesoris Komputer;Gudang Cabang (Semarang);;38;;
BRG-0309;Tetapkan Harga Jual;2025-05-01 03.40.00;Admin Penjualan;Keyboard Mechanical RGB;Aksesoris Komputer;Gudang Cabang (Semarang);;;16.800.000;21,30
BRG-0309;Barang Siap Dijual;2025-05-01 17.40.00;Gudang Cabang (Semarang);Keyboard Mechanical RGB;Aksesoris Komputer;Gudang Cabang (Semarang);;38;;
BRG-0310;Pesan Barang ke Pemasok;2025-05-04 05.30.00;PT Nusantara Digital;Switch 24 Port;Peralatan Jaringan;Gudang Cabang (Semarang);9.950.000;;;
BRG-0310;Terima Barang di Gudang;2025-05-10 21.30.00;Gudang Cabang (Semarang);Switch 24 Port;Peralatan Jaringan;Gudang Cabang (Semarang);;59;;
BRG-0310;Tetapkan Harga Jual;2025-05-11 02.30.00;Admin Penjualan;Switch 24 Port;Peralatan Jaringan;Gudang Cabang (Semarang);;;10.840.000;8,94
BRG-0310;Barang Siap Dijual;2025-05-11 06.30.00;Gudang Cabang (Semarang);Switch 24 Port;Peralatan Jaringan;Gudang Cabang (Semarang);;59;;
BRG-0311;Pesan Barang ke Pemasok;2025-09-02 13.00.00;PT Cipta Sarana;Smart TV 43 Inch;Elektronik;Gudang Cabang (Bandung);3.850.000;;;
BRG-0311;Terima Barang di Gudang;2025-09-08 06.00.00;Gudang Cabang (Bandung);Smart TV 43 Inch;Elektronik;Gudang Cabang (Bandung);;207;;
BRG-0311;Tetapkan Harga Jual;2025-09-09 12.00.00;Admin Penjualan;Smart TV 43 Inch;Elektronik;Gudang Cabang (Bandung);;;5.080.000;31,94
BRG-0311;Barang Siap Dijual;2025-09-09 22.00.00;Gudang Cabang (Bandung);Smart TV 43 Inch;Elektronik;Gudang Cabang (Bandung);;207;;
BRG-0312;Pesan Barang ke Pemasok;2025-02-02 02.00.00;PT Sinar Teknologi;Monitor LED 24 Inch;Elektronik;Gudang Cabang (Surabaya);10.825.000;;;
BRG-0312;Terima Barang di Gudang;2025-02-09 09.00.00;Gudang Cabang (Surabaya);Monitor LED 24 Inch;Elektronik;Gudang Cabang (Surabaya);;252;;
BRG-0312;Tetapkan Harga Jual;2025-02-11 03.00.00;Admin Penjualan;Monitor LED 24 Inch;Elektronik;Gudang Cabang (Surabaya);;;12.381.000;14,37
BRG-0312;Barang Siap Dijual;2025-02-11 15.00.00;Gudang Cabang (Surabaya);Monitor LED 24 Inch;Elektronik;Gudang Cabang (Surabaya);;252;;
BRG-0313;Pesan Barang ke Pemasok;2025-10-29 11.10.00;CV Maju Bersama;Monitor LED 24 Inch;Elektronik;Gudang Cabang (Surabaya);11.150.000;;;
BRG-0313;Terima Barang di Gudang;2025-10-31 15.10.00;Gudang Cabang (Surabaya);Monitor LED 24 Inch;Elektronik;Gudang Cabang (Surabaya);;317;;
BRG-0313;Tetapkan Harga Jual;2025-11-02 00.10.00;Admin Penjualan;Monitor LED 24 Inch;Elektronik;Gudang Cabang (Surabaya);;;12.933.000;15,99
BRG-0313;Barang Siap Dijual;2025-11-02 13.10.00;Gudang Cabang (Surabaya);Monitor LED 24 Inch;Elektronik;Gudang Cabang (Surabaya);;317;;
BRG-0314;Pesan Barang ke Pemasok;2025-12-01 07.40.00;PT Sinar Teknologi;Printer LaserJet;Peralatan Kantor;Gudang Cabang (Makassar);7.575.000;;;
BRG-0314;Terima Barang di Gudang;2025-12-10 01.40.00;Gudang Cabang (Makassar);Printer LaserJet;Peralatan Kantor;Gudang Cabang (Makassar);;208;;
BRG-0314;Tetapkan Harga Jual;2025-12-11 03.40.00;Admin Penjualan;Printer LaserJet;Peralatan Kantor;Gudang Cabang (Makassar);;;9.754.000;28,77
BRG-0314;Barang Siap Dijual;2025-12-11 18.40.00;Gudang Cabang (Makassar);Printer LaserJet;Peralatan Kantor;Gudang Cabang (Makassar);;208;;
BRG-0315;Pesan Barang ke Pemasok;2025-04-18 22.00.00;PT Cipta Sarana;Switch 24 Port;Peralatan Jaringan;Gudang Cabang (Bandung);2.950.000;;;
BRG-0315;Terima Barang di Gudang;2025-04-27 00.00.00;Gudang Cabang (Bandung);Switch 24 Port;Peralatan Jaringan;Gudang Cabang (Bandung);;79;;
BRG-0315;Tetapkan Harga Jual;2025-04-28 09.00.00;Admin Penjualan;Switch 24 Port;Peralatan Jaringan;Gudang Cabang (Bandung);;;3.879.000;31,50
BRG-0315;Barang Siap Dijual;2025-04-28 17.00.00;Gudang Cabang (Bandung);Switch 24 Port;Peralatan Jaringan;Gudang Cabang (Bandung);;79;;
BRG-0316;Pesan Barang ke Pemasok;2025-03-24 07.50.00;CV Mitra Jaya;Smart TV 43 Inch;Elektronik;Gudang Cabang (Surabaya);8.650.000;;;
BRG-0316;Terima Barang di Gudang;2025-03-29 23.50.00;Gudang Cabang (Surabaya);Smart TV 43 Inch;Elektronik;Gudang Cabang (Surabaya);;141;;
BRG-0316;Tetapkan Harga Jual;2025-03-31 05.50.00;Admin Penjualan;Smart TV 43 Inch;Elektronik;Gudang Cabang (Surabaya);;;10.300.000;19,08
BRG-0316;Barang Siap Dijual;2025-03-31 12.50.00;Gudang Cabang (Surabaya);Smart TV 43 Inch;Elektronik;Gudang Cabang (Surabaya);;141;;
BRG-0317;Pesan Barang ke Pemasok;2025-11-22 22.30.00;PT Cipta Sarana;Speaker Bluetooth;Elektronik;Gudang Utama (Jakarta);4.700.000;;;
BRG-0317;Terima Barang di Gudang;2025-11-25 08.30.00;Gudang Utama (Jakarta);Speaker Bluetooth;Elektronik;Gudang Utama (Jakarta);;276;;
BRG-0317;Tetapkan Harga Jual;2025-11-27 07.30.00;Admin Penjualan;Speaker Bluetooth;Elektronik;Gudang Utama (Jakarta);;;5.118.000;8,89
BRG-0317;Barang Siap Dijual;2025-11-27 22.30.00;Gudang Utama (Jakarta);Speaker Bluetooth;Elektronik;Gudang Utama (Jakarta);;276;;
BRG-0318;Pesan Barang ke Pemasok;2025-11-06 00.10.00;CV Berkah Komputer;Switch 24 Port;Peralatan Jaringan;Gudang Cabang (Medan);4.000.000;;;
BRG-0318;Terima Barang di Gudang;2025-11-13 04.10.00;Gudang Cabang (Medan);Switch 24 Port;Peralatan Jaringan;Gudang Cabang (Medan);;179;;
BRG-0318;Tetapkan Harga Jual;2025-11-14 15.10.00;Admin Penjualan;Switch 24 Port;Peralatan Jaringan;Gudang Cabang (Medan);;;4.731.000;18,28
BRG-0318;Barang Siap Dijual;2025-11-15 06.10.00;Gudang Cabang (Medan);Switch 24 Port;Peralatan Jaringan;Gudang Cabang (Medan);;179;;
BRG-0319;Pesan Barang ke Pemasok;2025-05-16 07.20.00;PT Cipta Sarana;Mesin Kopi Otomatis;Peralatan Rumah Tangga;Gudang Utama (Jakarta);13.250.000;;;
BRG-0319;Terima Barang di Gudang;2025-05-17 22.20.00;Gudang Utama (Jakarta);Mesin Kopi Otomatis;Peralatan Rumah Tangga;Gudang Utama (Jakarta);;274;;
BRG-0319;Tetapkan Harga Jual;2025-05-18 12.20.00;Admin Penjualan;Mesin Kopi Otomatis;Peralatan Rumah Tangga;Gudang Utama (Jakarta);;;17.242.000;30,13
BRG-0319;Barang Siap Dijual;2025-05-18 18.20.00;Gudang Utama (Jakarta);Mesin Kopi Otomatis;Peralatan Rumah Tangga;Gudang Utama (Jakarta);;274;;
BRG-0320;Pesan Barang ke Pemasok;2025-05-19 14.40.00;CV Berkah Komputer;Speaker Bluetooth;Elektronik;Gudang Cabang (Medan);550.000;;;
BRG-0320;Terima Barang di Gudang;2025-05-22 07.40.00;Gudang Cabang (Medan);Speaker Bluetooth;Elektronik;Gudang Cabang (Medan);;188;;
BRG-0320;Tetapkan Harga Jual;2025-05-22 23.40.00;Admin Penjualan;Speaker Bluetooth;Elektronik;Gudang Cabang (Medan);;;657.000;19,39
BRG-0320;Barang Siap Dijual;2025-05-23 09.40.00;Gudang Cabang (Medan);Speaker Bluetooth;Elektronik;Gudang Cabang (Medan);;188;;
BRG-0321;Pesan Barang ke Pemasok;2025-04-11 01.00.00;PT Cipta Sarana;Switch 24 Port;Peralatan Jaringan;Gudang Utama (Jakarta);7.075.000;;;
BRG-0321;Terima Barang di Gudang;2025-04-15 03.00.00;Gudang Utama (Jakarta);Switch 24 Port;Peralatan Jaringan;Gudang Utama (Jakarta);;241;;
BRG-0321;Tetapkan Harga Jual;2025-04-15 11.00.00;Admin Penjualan;Switch 24 Port;Peralatan Jaringan;Gudang Utama (Jakarta);;;7.819.000;10,51
BRG-0321;Barang Siap Dijual;2025-04-16 01.00.00;Gudang Utama (Jakarta);Switch 24 Port;Peralatan Jaringan;Gudang Utama (Jakarta);;241;;
BRG-0322;Pesan Barang ke Pemasok;2025-04-29 11.50.00;CV Berkah Komputer;Printer LaserJet;Peralatan Kantor;Gudang Cabang (Medan);725.000;;;
BRG-0322;Terima Barang di Gudang;2025-05-04 03.50.00;Gudang Cabang (Medan);Printer LaserJet;Peralatan Kantor;Gudang Cabang (Medan);;348;;
BRG-0322;Tetapkan Harga Jual;2025-05-05 03.50.00;Admin Penjualan;Printer LaserJet;Peralatan Kantor;Gudang Cabang (Medan);;;916.000;26,29
BRG-0322;Barang Siap Dijual;2025-05-05 05.50.00;Gudang Cabang (Medan);Printer LaserJet;Peralatan Kantor;Gudang Cabang (Medan);;348;;
BRG-0323;Pesan Barang ke Pemasok;2025-01-27 17.00.00;CV Mitra Jaya;Kulkas 2 Pintu;Peralatan Rumah Tangga;Gudang Cabang (Bandung);8.800.000;;;
BRG-0323;Terima Barang di Gudang;2025-02-02 07.00.00;Gudang Cabang (Bandung);Kulkas 2 Pintu;Peralatan Rumah Tangga;Gudang Cabang (Bandung);;205;;
BRG-0323;Tetapkan Harga Jual;2025-02-03 13.00.00;Admin Penjualan;Kulkas 2 Pintu;Peralatan Rumah Tangga;Gudang Cabang (Bandung);;;11.032.000;25,36
BRG-0323;Barang Siap Dijual;2025-02-03 22.00.00;Gudang Cabang (Bandung);Kulkas 2 Pintu;Peralatan Rumah Tangga;Gudang Cabang (Bandung);;205;;
BRG-0324;Pesan Barang ke Pemasok;2025-10-18 21.00.00;CV Prima Elektronik;Tablet 10 Inch;Elektronik;Gudang Cabang (Surabaya);350.000;;;
BRG-0324;Terima Barang di Gudang;2025-10-25 22.00.00;Gudang Cabang (Surabaya);Tablet 10 Inch;Elektronik;Gudang Cabang (Surabaya);;349;;
BRG-0324;Tetapkan Harga Jual;2025-10-26 18.00.00;Admin Penjualan;Tablet 10 Inch;Elektronik;Gudang Cabang (Surabaya);;;392.000;12,10
BRG-0324;Barang Siap Dijual;2025-10-27 06.00.00;Gudang Cabang (Surabaya);Tablet 10 Inch;Elektronik;Gudang Cabang (Surabaya);;349;;
BRG-0325;Pesan Barang ke Pemasok;2025-08-09 07.30.00;CV Prima Elektronik;Scanner Dokumen A4;Peralatan Kantor;Gudang Cabang (Bandung);2.750.000;;;
BRG-0325;Terima Barang di Gudang;2025-08-17 08.30.00;Gudang Cabang (Bandung);Scanner Dokumen A4;Peralatan Kantor;Gudang Cabang (Bandung);;200;;
BRG-0325;Tetapkan Harga Jual;2025-08-18 15.30.00;Admin Penjualan;Scanner Dokumen A4;Peralatan Kantor;Gudang Cabang (Bandung);;;3.446.000;25,32
BRG-0325;Barang Siap Dijual;2025-08-19 07.30.00;Gudang Cabang (Bandung);Scanner Dokumen A4;Peralatan Kantor;Gudang Cabang (Bandung);;200;;
BRG-0326;Pesan Barang ke Pemasok;2025-05-08 22.40.00;PT Global Persada;Mesin Kopi Otomatis;Peralatan Rumah Tangga;Gudang Cabang (Makassar);10.850.000;;;
BRG-0326;Terima Barang di Gudang;2025-05-10 08.40.00;Gudang Cabang (Makassar);Mesin Kopi Otomatis;Peralatan Rumah Tangga;Gudang Cabang (Makassar);;80;;
BRG-0326;Tetapkan Harga Jual;2025-05-11 15.40.00;Admin Penjualan;Mesin Kopi Otomatis;Peralatan Rumah Tangga;Gudang Cabang (Makassar);;;11.765.000;8,43
BRG-0326;Barang Siap Dijual;2025-05-11 20.40.00;Gudang Cabang (Makassar);Mesin Kopi Otomatis;Peralatan Rumah Tangga;Gudang Cabang (Makassar);;80;;
BRG-0327;Pesan Barang ke Pemasok;2025-08-20 13.10.00;PT Nusantara Digital;Keyboard Mechanical RGB;Aksesoris Komputer;Gudang Cabang (Medan);8.725.000;;;
BRG-0327;Terima Barang di Gudang;2025-08-28 20.10.00;Gudang Cabang (Medan);Keyboard Mechanical RGB;Aksesoris Komputer;Gudang Cabang (Medan);;290;;
BRG-0327;Tetapkan Harga Jual;2025-08-30 19.10.00;Admin Penjualan;Keyboard Mechanical RGB;Aksesoris Komputer;Gudang Cabang (Medan);;;10.891.000;24,83
BRG-0327;Barang Siap Dijual;2025-08-30 22.10.00;Gudang Cabang (Medan);Keyboard Mechanical RGB;Aksesoris Komputer;Gudang Cabang (Medan);;290;;
BRG-0328;Pesan Barang ke Pemasok;2025-01-11 08.30.00;PT Cipta Sarana;Speaker Bluetooth;Elektronik;Gudang Cabang (Semarang);4.550.000;;;
BRG-0328;Terima Barang di Gudang;2025-01-12 20.30.00;Gudang Cabang (Semarang);Speaker Bluetooth;Elektronik;Gudang Cabang (Semarang);;229;;
BRG-0328;Tetapkan Harga Jual;2025-01-14 05.30.00;Admin Penjualan;Speaker Bluetooth;Elektronik;Gudang Cabang (Semarang);;;5.269.000;15,80
BRG-0328;Barang Siap Dijual;2025-01-14 09.30.00;Gudang Cabang (Semarang);Speaker Bluetooth;Elektronik;Gudang Cabang (Semarang);;229;;
BRG-0329;Pesan Barang ke Pemasok;2025-10-21 13.10.00;CV Sentral Niaga;Smart TV 43 Inch;Elektronik;Gudang Cabang (Makassar);14.600.000;;;
BRG-0329;Terima Barang di Gudang;2025-10-24 02.10.00;Gudang Cabang (Makassar);Smart TV 43 Inch;Elektronik;Gudang Cabang (Makassar);;44;;
BRG-0329;Tetapkan Harga Jual;2025-10-25 01.10.00;Admin Penjualan;Smart TV 43 Inch;Elektronik;Gudang Cabang (Makassar);;;17.545.000;20,17
BRG-0329;Barang Siap Dijual;2025-10-25 14.10.00;Gudang Cabang (Makassar);Smart TV 43 Inch;Elektronik;Gudang Cabang (Makassar);;44;;
BRG-0330;Pesan Barang ke Pemasok;2025-12-03 14.00.00;CV Sentral Niaga;Laptop Gaming X15;Elektronik;Gudang Cabang (Makassar);11.225.000;;;
BRG-0330;Terima Barang di Gudang;2025-12-11 22.00.00;Gudang Cabang (Makassar);Laptop Gaming X15;Elektronik;Gudang Cabang (Makassar);;267;;
BRG-0330;Tetapkan Harga Jual;2025-12-13 11.00.00;Admin Penjualan;Laptop Gaming X15;Elektronik;Gudang Cabang (Makassar);;;14.312.000;27,50
BRG-0330;Barang Siap Dijual;2025-12-13 19.00.00;Gudang Cabang (Makassar);Laptop Gaming X15;Elektronik;Gudang Cabang (Makassar);;267;;
BRG-0331;Pesan Barang ke Pemasok;2025-10-11 03.00.00;PT Nusantara Digital;Scanner Dokumen A4;Peralatan Kantor;Gudang Utama (Jakarta);3.625.000;;;
BRG-0331;Terima Barang di Gudang;2025-10-18 05.00.00;Gudang Utama (Jakarta);Scanner Dokumen A4;Peralatan Kantor;Gudang Utama (Jakarta);;115;;
BRG-0331;Tetapkan Harga Jual;2025-10-18 10.00.00;Admin Penjualan;Scanner Dokumen A4;Peralatan Kantor;Gudang Utama (Jakarta);;;4.400.000;21,39
BRG-0331;Barang Siap Dijual;2025-10-19 03.00.00;Gudang Utama (Jakarta);Scanner Dokumen A4;Peralatan Kantor;Gudang Utama (Jakarta);;115;;
BRG-0332;Pesan Barang ke Pemasok;2025-07-30 13.30.00;PT Andalan Logistik;Mesin Kopi Otomatis;Peralatan Rumah Tangga;Gudang Cabang (Medan);6.850.000;;;
BRG-0332;Terima Barang di Gudang;2025-08-05 22.30.00;Gudang Cabang (Medan);Mesin Kopi Otomatis;Peralatan Rumah Tangga;Gudang Cabang (Medan);;278;;
BRG-0332;Tetapkan Harga Jual;2025-08-06 18.30.00;Admin Penjualan;Mesin Kopi Otomatis;Peralatan Rumah Tangga;Gudang Cabang (Medan);;;7.757.000;13,24
BRG-0332;Barang Siap Dijual;2025-08-07 10.30.00;Gudang Cabang (Medan);Mesin Kopi Otomatis;Peralatan Rumah Tangga;Gudang Cabang (Medan);;278;;
BRG-0333;Pesan Barang ke Pemasok;2025-01-17 12.40.00;PT Andalan Logistik;Router AX3000;Peralatan Jaringan;Gudang Cabang (Semarang);2.850.000;;;
BRG-0333;Terima Barang di Gudang;2025-01-25 05.40.00;Gudang Cabang (Semarang);Router AX3000;Peralatan Jaringan;Gudang Cabang (Semarang);;39;;
BRG-0333;Tetapkan Harga Jual;2025-01-27 03.40.00;Admin Penjualan;Router AX3000;Peralatan Jaringan;Gudang Cabang (Semarang);;;3.758.000;31,85
BRG-0333;Barang Siap Dijual;2025-01-27 14.40.00;Gudang Cabang (Semarang);Router AX3000;Peralatan Jaringan;Gudang Cabang (Semarang);;39;;
BRG-0334;Pesan Barang ke Pemasok;2025-02-05 02.40.00;PT Sinar Teknologi;DVR 16 Channel;Keamanan;Gudang Cabang (Semarang);3.200.000;;;
BRG-0334;Terima Barang di Gudang;2025-02-12 19.40.00;Gudang Cabang (Semarang);DVR 16 Channel;Keamanan;Gudang Cabang (Semarang);;202;;
BRG-0334;Tetapkan Harga Jual;2025-02-13 11.40.00;Admin Penjualan;DVR 16 Channel;Keamanan;Gudang Cabang (Semarang);;;3.610.000;12,82
BRG-0334;Barang Siap Dijual;2025-02-14 02.40.00;Gudang Cabang (Semarang);DVR 16 Channel;Keamanan;Gudang Cabang (Semarang);;202;;
BRG-0335;Pesan Barang ke Pemasok;2025-04-03 14.30.00;PT Andalan Logistik;DVR 16 Channel;Keamanan;Gudang Cabang (Semarang);6.125.000;;;
BRG-0335;Terima Barang di Gudang;2025-04-08 16.30.00;Gudang Cabang (Semarang);DVR 16 Channel;Keamanan;Gudang Cabang (Semarang);;100;;
BRG-0335;Tetapkan Harga Jual;2025-04-08 20.30.00;Admin Penjualan;DVR 16 Channel;Keamanan;Gudang Cabang (Semarang);;;7.576.000;23,69
BRG-0335;Barang Siap Dijual;2025-04-09 00.30.00;Gudang Cabang (Semarang);DVR 16 Channel;Keamanan;Gudang Cabang (Semarang);;100;;
BRG-0336;Pesan Barang ke Pemasok;2025-07-21 21.10.00;CV Berkah Komputer;Monitor LED 24 Inch;Elektronik;Gudang Cabang (Semarang);1.275.000;;;
BRG-0336;Terima Barang di Gudang;2025-07-26 23.10.00;Gudang Cabang (Semarang);Monitor LED 24 Inch;Elektronik;Gudang Cabang (Semarang);;276;;
BRG-0336;Tetapkan Harga Jual;2025-07-27 21.10.00;Admin Penjualan;Monitor LED 24 Inch;Elektronik;Gudang Cabang (Semarang);;;1.490.000;16,85
BRG-0336;Barang Siap Dijual;2025-07-28 12.10.00;Gudang Cabang (Semarang);Monitor LED 24 Inch;Elektronik;Gudang Cabang (Semarang);;276;;
BRG-0337;Pesan Barang ke Pemasok;2025-03-14 19.40.00;PT Global Persada;Keyboard Mechanical RGB;Aksesoris Komputer;Gudang Cabang (Makassar);3.700.000;;;
BRG-0337;Terima Barang di Gudang;2025-03-21 02.40.00;Gudang Cabang (Makassar);Keyboard Mechanical RGB;Aksesoris Komputer;Gudang Cabang (Makassar);;268;;
BRG-0337;Tetapkan Harga Jual;2025-03-21 04.40.00;Admin Penjualan;Keyboard Mechanical RGB;Aksesoris Komputer;Gudang Cabang (Makassar);;;4.422.000;19,51
BRG-0337;Barang Siap Dijual;2025-03-21 21.40.00;Gudang Cabang (Makassar);Keyboard Mechanical RGB;Aksesoris Komputer;Gudang Cabang (Makassar);;268;;
BRG-0338;Pesan Barang ke Pemasok;2025-05-12 14.40.00;PT Cipta Sarana;Power Bank 20000mAh;Aksesoris Elektronik;Gudang Cabang (Makassar);3.075.000;;;
BRG-0338;Terima Barang di Gudang;2025-05-17 19.40.00;Gudang Cabang (Makassar);Power Bank 20000mAh;Aksesoris Elektronik;Gudang Cabang (Makassar);;77;;
BRG-0338;Tetapkan Harga Jual;2025-05-19 01.40.00;Admin Penjualan;Power Bank 20000mAh;Aksesoris Elektronik;Gudang Cabang (Makassar);;;4.048.000;31,63
BRG-0338;Barang Siap Dijual;2025-05-19 18.40.00;Gudang Cabang (Makassar);Power Bank 20000mAh;Aksesoris Elektronik;Gudang Cabang (Makassar);;77;;
BRG-0339;Pesan Barang ke Pemasok;2025-04-19 02.40.00;PT Cipta Sarana;Mesin Kopi Otomatis;Peralatan Rumah Tangga;Gudang Cabang (Semarang);4.550.000;;;
BRG-0339;Terima Barang di Gudang;2025-04-23 06.40.00;Gudang Cabang (Semarang);Mesin Kopi Otomatis;Peralatan Rumah Tangga;Gudang Cabang (Semarang);;234;;
BRG-0339;Tetapkan Harga Jual;2025-04-24 14.40.00;Admin Penjualan;Mesin Kopi Otomatis;Peralatan Rumah Tangga;Gudang Cabang (Semarang);;;5.900.000;29,67
BRG-0339;Barang Siap Dijual;2025-04-25 01.40.00;Gudang Cabang (Semarang);Mesin Kopi Otomatis;Peralatan Rumah Tangga;Gudang Cabang (Semarang);;234;;
BRG-0340;Pesan Barang ke Pemasok;2025-08-04 00.20.00;CV Sentral Niaga;Access Point WiFi 6;Peralatan Jaringan;Gudang Cabang (Makassar);5.400.000;;;
BRG-0340;Terima Barang di Gudang;2025-08-11 07.20.00;Gudang Cabang (Makassar);Access Point WiFi 6;Peralatan Jaringan;Gudang Cabang (Makassar);;247;;
BRG-0340;Tetapkan Harga Jual;2025-08-12 18.20.00;Admin Penjualan;Access Point WiFi 6;Peralatan Jaringan;Gudang Cabang (Makassar);;;6.338.000;17,37
BRG-0340;Barang Siap Dijual;2025-08-12 21.20.00;Gudang Cabang (Makassar);Access Point WiFi 6;Peralatan Jaringan;Gudang Cabang (Makassar);;247;;
BRG-0341;Pesan Barang ke Pemasok;2025-10-26 00.50.00;PT Nusantara Digital;DVR 16 Channel;Keamanan;Gudang Cabang (Surabaya);5.875.000;;;
BRG-0341;Terima Barang di Gudang;2025-10-27 18.50.00;Gudang Cabang (Surabaya);DVR 16 Channel;Keamanan;Gudang Cabang (Surabaya);;293;;
BRG-0341;Tetapkan Harga Jual;2025-10-28 14.50.00;Admin Penjualan;DVR 16 Channel;Keamanan;Gudang Cabang (Surabaya);;;7.400.000;25,95
BRG-0341;Barang Siap Dijual;2025-10-28 16.50.00;Gudang Cabang (Surabaya);DVR 16 Channel;Keamanan;Gudang Cabang (Surabaya);;293;;
BRG-0342;Pesan Barang ke Pemasok;2025-06-03 14.30.00;PT Andalan Logistik;Laptop Gaming X15;Elektronik;Gudang Cabang (Surabaya);11.500.000;;;
BRG-0342;Terima Barang di Gudang;2025-06-04 23.30.00;Gudang Cabang (Surabaya);Laptop Gaming X15;Elektronik;Gudang Cabang (Surabaya);;212;;
BRG-0342;Tetapkan Harga Jual;2025-06-05 08.30.00;Admin Penjualan;Laptop Gaming X15;Elektronik;Gudang Cabang (Surabaya);;;13.082.000;13,76
BRG-0342;Barang Siap Dijual;2025-06-05 21.30.00;Gudang Cabang (Surabaya);Laptop Gaming X15;Elektronik;Gudang Cabang (Surabaya);;212;;
BRG-0343;Pesan Barang ke Pemasok;2025-07-25 06.10.00;CV Sentral Niaga;Monitor LED 24 Inch;Elektronik;Gudang Cabang (Surabaya);11.500.000;;;
BRG-0343;Terima Barang di Gudang;2025-07-26 14.10.00;Gudang Cabang (Surabaya);Monitor LED 24 Inch;Elektronik;Gudang Cabang (Surabaya);;84;;
BRG-0343;Tetapkan Harga Jual;2025-07-27 11.10.00;Admin Penjualan;Monitor LED 24 Inch;Elektronik;Gudang Cabang (Surabaya);;;13.608.000;18,33
BRG-0343;Barang Siap Dijual;2025-07-27 21.10.00;Gudang Cabang (Surabaya);Monitor LED 24 Inch;Elektronik;Gudang Cabang (Surabaya);;84;;
BRG-0344;Pesan Barang ke Pemasok;2025-02-22 04.20.00;CV Sentral Niaga;Tablet 10 Inch;Elektronik;Gudang Cabang (Medan);6.800.000;;;
BRG-0344;Terima Barang di Gudang;2025-02-26 20.20.00;Gudang Cabang (Medan);Tablet 10 Inch;Elektronik;Gudang Cabang (Medan);;189;;
BRG-0344;Tetapkan Harga Jual;2025-02-28 13.20.00;Admin Penjualan;Tablet 10 Inch;Elektronik;Gudang Cabang (Medan);;;7.602.000;11,79
BRG-0344;Barang Siap Dijual;2025-03-01 04.20.00;Gudang Cabang (Medan);Tablet 10 Inch;Elektronik;Gudang Cabang (Medan);;189;;
BRG-0345;Pesan Barang ke Pemasok;2025-07-17 05.20.00;CV Prima Elektronik;Scanner Dokumen A4;Peralatan Kantor;Gudang Utama (Jakarta);12.525.000;;;
BRG-0345;Terima Barang di Gudang;2025-07-20 20.20.00;Gudang Utama (Jakarta);Scanner Dokumen A4;Peralatan Kantor;Gudang Utama (Jakarta);;54;;
BRG-0345;Tetapkan Harga Jual;2025-07-21 04.20.00;Admin Penjualan;Scanner Dokumen A4;Peralatan Kantor;Gudang Utama (Jakarta);;;14.640.000;16,89
BRG-0345;Barang Siap Dijual;2025-07-21 17.20.00;Gudang Utama (Jakarta);Scanner Dokumen A4;Peralatan Kantor;Gudang Utama (Jakarta);;54;;
BRG-0346;Pesan Barang ke Pemasok;2025-03-03 10.20.00;CV Mitra Jaya;Printer LaserJet;Peralatan Kantor;Gudang Cabang (Surabaya);9.750.000;;;
BRG-0346;Terima Barang di Gudang;2025-03-11 22.20.00;Gudang Cabang (Surabaya);Printer LaserJet;Peralatan Kantor;Gudang Cabang (Surabaya);;296;;
BRG-0346;Tetapkan Harga Jual;2025-03-13 18.20.00;Admin Penjualan;Printer LaserJet;Peralatan Kantor;Gudang Cabang (Surabaya);;;12.350.000;26,67
BRG-0346;Barang Siap Dijual;2025-03-14 10.20.00;Gudang Cabang (Surabaya);Printer LaserJet;Peralatan Kantor;Gudang Cabang (Surabaya);;296;;
BRG-0347;Pesan Barang ke Pemasok;2025-10-31 22.30.00;PT Sinar Teknologi;Scanner Dokumen A4;Peralatan Kantor;Gudang Cabang (Bandung);14.850.000;;;
BRG-0347;Terima Barang di Gudang;2025-11-05 09.30.00;Gudang Cabang (Bandung);Scanner Dokumen A4;Peralatan Kantor;Gudang Cabang (Bandung);;312;;
BRG-0347;Tetapkan Harga Jual;2025-11-05 23.30.00;Admin Penjualan;Scanner Dokumen A4;Peralatan Kantor;Gudang Cabang (Bandung);;;16.861.000;13,54
BRG-0347;Barang Siap Dijual;2025-11-06 03.30.00;Gudang Cabang (Bandung);Scanner Dokumen A4;Peralatan Kantor;Gudang Cabang (Bandung);;312;;
BRG-0348;Pesan Barang ke Pemasok;2025-02-01 07.50.00;PT Nusantara Digital;Mesin Kopi Otomatis;Peralatan Rumah Tangga;Gudang Cabang (Makassar);7.175.000;;;
BRG-0348;Terima Barang di Gudang;2025-02-09 17.50.00;Gudang Cabang (Makassar);Mesin Kopi Otomatis;Peralatan Rumah Tangga;Gudang Cabang (Makassar);;22;;
BRG-0348;Tetapkan Harga Jual;2025-02-11 10.50.00;Admin Penjualan;Mesin Kopi Otomatis;Peralatan Rumah Tangga;Gudang Cabang (Makassar);;;8.802.000;22,68
BRG-0348;Barang Siap Dijual;2025-02-12 04.50.00;Gudang Cabang (Makassar);Mesin Kopi Otomatis;Peralatan Rumah Tangga;Gudang Cabang (Makassar);;22;;
BRG-0349;Pesan Barang ke Pemasok;2025-02-03 06.40.00;PT Nusantara Digital;Router AX3000;Peralatan Jaringan;Gudang Cabang (Semarang);7.350.000;;;
BRG-0349;Terima Barang di Gudang;2025-02-04 14.40.00;Gudang Cabang (Semarang);Router AX3000;Peralatan Jaringan;Gudang Cabang (Semarang);;305;;
BRG-0349;Tetapkan Harga Jual;2025-02-06 08.40.00;Admin Penjualan;Router AX3000;Peralatan Jaringan;Gudang Cabang (Semarang);;;8.776.000;19,40
BRG-0349;Barang Siap Dijual;2025-02-06 23.40.00;Gudang Cabang (Semarang);Router AX3000;Peralatan Jaringan;Gudang Cabang (Semarang);;305;;
BRG-0350;Pesan Barang ke Pemasok;2025-08-09 16.20.00;PT Cipta Sarana;Smart TV 43 Inch;Elektronik;Gudang Cabang (Surabaya);12.450.000;;;
BRG-0350;Terima Barang di Gudang;2025-08-12 04.20.00;Gudang Cabang (Surabaya);Smart TV 43 Inch;Elektronik;Gudang Cabang (Surabaya);;245;;
BRG-0350;Tetapkan Harga Jual;2025-08-12 08.20.00;Admin Penjualan;Smart TV 43 Inch;Elektronik;Gudang Cabang (Surabaya);;;15.126.000;21,49
BRG-0350;Barang Siap Dijual;2025-08-12 20.20.00;Gudang Cabang (Surabaya);Smart TV 43 Inch;Elektronik;Gudang Cabang (Surabaya);;245;;
BRG-0351;Pesan Barang ke Pemasok;2025-10-30 18.00.00;PT Global Persada;Mouse Wireless Pro;Aksesoris Komputer;Gudang Cabang (Bandung);550.000;;;
BRG-0351;Terima Barang di Gudang;2025-11-04 09.00.00;Gudang Cabang (Bandung);Mouse Wireless Pro;Aksesoris Komputer;Gudang Cabang (Bandung);;330;;
BRG-0351;Tetapkan Harga Jual;2025-11-04 14.00.00;Admin Penjualan;Mouse Wireless Pro;Aksesoris Komputer;Gudang Cabang (Bandung);;;698.000;26,85
BRG-0351;Barang Siap Dijual;2025-11-04 22.00.00;Gudang Cabang (Bandung);Mouse Wireless Pro;Aksesoris Komputer;Gudang Cabang (Bandung);;330;;
BRG-0352;Pesan Barang ke Pemasok;2025-05-04 01.00.00;PT Andalan Logistik;Mouse Wireless Pro;Aksesoris Komputer;Gudang Cabang (Semarang);9.425.000;;;
BRG-0352;Terima Barang di Gudang;2025-05-08 06.00.00;Gudang Cabang (Semarang);Mouse Wireless Pro;Aksesoris Komputer;Gudang Cabang (Semarang);;161;;
BRG-0352;Tetapkan Harga Jual;2025-05-09 13.00.00;Admin Penjualan;Mouse Wireless Pro;Aksesoris Komputer;Gudang Cabang (Semarang);;;10.613.000;12,60
BRG-0352;Barang Siap Dijual;2025-05-10 02.00.00;Gudang Cabang (Semarang);Mouse Wireless Pro;Aksesoris Komputer;Gudang Cabang (Semarang);;161;;
BRG-0353;Pesan Barang ke Pemasok;2025-12-05 04.30.00;CV Sentral Niaga;UPS 1200VA;Peralatan Listrik;Gudang Cabang (Semarang);9.950.000;;;
BRG-0353;Terima Barang di Gudang;2025-12-13 09.30.00;Gudang Cabang (Semarang);UPS 1200VA;Peralatan Listrik;Gudang Cabang (Semarang);;151;;
BRG-0353;Tetapkan Harga Jual;2025-12-13 12.30.00;Admin Penjualan;UPS 1200VA;Peralatan Listrik;Gudang Cabang (Semarang);;;12.511.000;25,74
BRG-0353;Barang Siap Dijual;2025-12-13 21.30.00;Gudang Cabang (Semarang);UPS 1200VA;Peralatan Listrik;Gudang Cabang (Semarang);;151;;
BRG-0354;Pesan Barang ke Pemasok;2025-01-28 14.20.00;CV Prima Elektronik;Kulkas 2 Pintu;Peralatan Rumah Tangga;Gudang Cabang (Bandung);10.600.000;;;
BRG-0354;Terima Barang di Gudang;2025-02-05 03.20.00;Gudang Cabang (Bandung);Kulkas 2 Pintu;Peralatan Rumah Tangga;Gudang Cabang (Bandung);;135;;
BRG-0354;Tetapkan Harga Jual;2025-02-05 05.20.00;Admin Penjualan;Kulkas 2 Pintu;Peralatan Rumah Tangga;Gudang Cabang (Bandung);;;12.182.000;14,92
BRG-0354;Barang Siap Dijual;2025-02-05 12.20.00;Gudang Cabang (Bandung);Kulkas 2 Pintu;Peralatan Rumah Tangga;Gudang Cabang (Bandung);;135;;
BRG-0355;Pesan Barang ke Pemasok;2025-06-15 20.10.00;PT Nusantara Digital;Tablet 10 Inch;Elektronik;Gudang Cabang (Medan);13.575.000;;;
BRG-0355;Terima Barang di Gudang;2025-06-21 10.10.00;Gudang Cabang (Medan);Tablet 10 Inch;Elektronik;Gudang Cabang (Medan);;36;;
BRG-0355;Tetapkan Harga Jual;2025-06-21 16.10.00;Admin Penjualan;Tablet 10 Inch;Elektronik;Gudang Cabang (Medan);;;16.847.000;24,10
BRG-0355;Barang Siap Dijual;2025-06-22 01.10.00;Gudang Cabang (Medan);Tablet 10 Inch;Elektronik;Gudang Cabang (Medan);;36;;
BRG-0356;Pesan Barang ke Pemasok;2025-08-10 16.40.00;CV Prima Elektronik;Kulkas 2 Pintu;Peralatan Rumah Tangga;Gudang Cabang (Medan);10.050.000;;;
BRG-0356;Terima Barang di Gudang;2025-08-18 09.40.00;Gudang Cabang (Medan);Kulkas 2 Pintu;Peralatan Rumah Tangga;Gudang Cabang (Medan);;291;;
BRG-0356;Tetapkan Harga Jual;2025-08-20 09.40.00;Admin Penjualan;Kulkas 2 Pintu;Peralatan Rumah Tangga;Gudang Cabang (Medan);;;10.944.000;8,90
BRG-0356;Barang Siap Dijual;2025-08-20 15.40.00;Gudang Cabang (Medan);Kulkas 2 Pintu;Peralatan Rumah Tangga;Gudang Cabang (Medan);;291;;
BRG-0357;Pesan Barang ke Pemasok;2025-12-21 18.00.00;CV Sentral Niaga;Router AX3000;Peralatan Jaringan;Gudang Cabang (Surabaya);3.850.000;;;
BRG-0357;Terima Barang di Gudang;2025-12-27 20.00.00;Gudang Cabang (Surabaya);Router AX3000;Peralatan Jaringan;Gudang Cabang (Surabaya);;240;;
BRG-0357;Tetapkan Harga Jual;2025-12-28 16.00.00;Admin Penjualan;Router AX3000;Peralatan Jaringan;Gudang Cabang (Surabaya);;;4.716.000;22,50
BRG-0357;Barang Siap Dijual;2025-12-29 09.00.00;Gudang Cabang (Surabaya);Router AX3000;Peralatan Jaringan;Gudang Cabang (Surabaya);;240;;
BRG-0358;Pesan Barang ke Pemasok;2025-06-23 17.00.00;PT Sinar Teknologi;Mouse Wireless Pro;Aksesoris Komputer;Gudang Cabang (Surabaya);5.400.000;;;
BRG-0358;Terima Barang di Gudang;2025-06-30 01.00.00;Gudang Cabang (Surabaya);Mouse Wireless Pro;Aksesoris Komputer;Gudang Cabang (Surabaya);;129;;
BRG-0358;Tetapkan Harga Jual;2025-06-30 08.00.00;Admin Penjualan;Mouse Wireless Pro;Aksesoris Komputer;Gudang Cabang (Surabaya);;;5.929.000;9,80
BRG-0358;Barang Siap Dijual;2025-06-30 14.00.00;Gudang Cabang (Surabaya);Mouse Wireless Pro;Aksesoris Komputer;Gudang Cabang (Surabaya);;129;;
BRG-0359;Pesan Barang ke Pemasok;2025-02-23 02.30.00;CV Prima Elektronik;Power Bank 20000mAh;Aksesoris Elektronik;Gudang Cabang (Surabaya);13.575.000;;;
BRG-0359;Terima Barang di Gudang;2025-02-24 08.30.00;Gudang Cabang (Surabaya);Power Bank 20000mAh;Aksesoris Elektronik;Gudang Cabang (Surabaya);;63;;
BRG-0359;Tetapkan Harga Jual;2025-02-24 16.30.00;Admin Penjualan;Power Bank 20000mAh;Aksesoris Elektronik;Gudang Cabang (Surabaya);;;17.646.000;29,99
BRG-0359;Barang Siap Dijual;2025-02-25 04.30.00;Gudang Cabang (Surabaya);Power Bank 20000mAh;Aksesoris Elektronik;Gudang Cabang (Surabaya);;63;;
BRG-0360;Pesan Barang ke Pemasok;2025-04-03 11.50.00;CV Sentral Niaga;Printer LaserJet;Peralatan Kantor;Gudang Cabang (Makassar);10.850.000;;;
BRG-0360;Terima Barang di Gudang;2025-04-10 18.50.00;Gudang Cabang (Makassar);Printer LaserJet;Peralatan Kantor;Gudang Cabang (Makassar);;238;;
BRG-0360;Tetapkan Harga Jual;2025-04-10 22.50.00;Admin Penjualan;Printer LaserJet;Peralatan Kantor;Gudang Cabang (Makassar);;;12.258.000;12,98
BRG-0360;Barang Siap Dijual;2025-04-11 00.50.00;Gudang Cabang (Makassar);Printer LaserJet;Peralatan Kantor;Gudang Cabang (Makassar);;238;;
BRG-0361;Pesan Barang ke Pemasok;2025-03-02 22.30.00;CV Sentral Niaga;Keyboard Mechanical RGB;Aksesoris Komputer;Gudang Utama (Jakarta);1.700.000;;;
BRG-0361;Terima Barang di Gudang;2025-03-04 01.30.00;Gudang Utama (Jakarta);Keyboard Mechanical RGB;Aksesoris Komputer;Gudang Utama (Jakarta);;71;;
BRG-0361;Tetapkan Harga Jual;2025-03-04 07.30.00;Admin Penjualan;Keyboard Mechanical RGB;Aksesoris Komputer;Gudang Utama (Jakarta);;;2.087.000;22,78
BRG-0361;Barang Siap Dijual;2025-03-05 00.30.00;Gudang Utama (Jakarta);Keyboard Mechanical RGB;Aksesoris Komputer;Gudang Utama (Jakarta);;71;;
BRG-0362;Pesan Barang ke Pemasok;2025-05-06 22.10.00;PT Global Persada;Smartphone Pro;Elektronik;Gudang Cabang (Makassar);5.575.000;;;
BRG-0362;Terima Barang di Gudang;2025-05-15 13.10.00;Gudang Cabang (Makassar);Smartphone Pro;Elektronik;Gudang Cabang (Makassar);;165;;
BRG-0362;Tetapkan Harga Jual;2025-05-16 05.10.00;Admin Penjualan;Smartphone Pro;Elektronik;Gudang Cabang (Makassar);;;6.692.000;20,03
BRG-0362;Barang Siap Dijual;2025-05-16 22.10.00;Gudang Cabang (Makassar);Smartphone Pro;Elektronik;Gudang Cabang (Makassar);;165;;
BRG-0363;Pesan Barang ke Pemasok;2025-05-04 06.30.00;CV Mitra Jaya;Laptop Gaming X15;Elektronik;Gudang Cabang (Bandung);4.850.000;;;
BRG-0363;Terima Barang di Gudang;2025-05-06 13.30.00;Gudang Cabang (Bandung);Laptop Gaming X15;Elektronik;Gudang Cabang (Bandung);;145;;
BRG-0363;Tetapkan Harga Jual;2025-05-08 06.30.00;Admin Penjualan;Laptop Gaming X15;Elektronik;Gudang Cabang (Bandung);;;5.568.000;14,80
BRG-0363;Barang Siap Dijual;2025-05-09 00.30.00;Gudang Cabang (Bandung);Laptop Gaming X15;Elektronik;Gudang Cabang (Bandung);;145;;
BRG-0364;Pesan Barang ke Pemasok;2025-06-12 02.40.00;PT Nusantara Digital;Smartphone Pro;Elektronik;Gudang Utama (Jakarta);2.250.000;;;
BRG-0364;Terima Barang di Gudang;2025-06-20 07.40.00;Gudang Utama (Jakarta);Smartphone Pro;Elektronik;Gudang Utama (Jakarta);;140;;
BRG-0364;Tetapkan Harga Jual;2025-06-21 23.40.00;Admin Penjualan;Smartphone Pro;Elektronik;Gudang Utama (Jakarta);;;2.552.000;13,43
BRG-0364;Barang Siap Dijual;2025-06-22 02.40.00;Gudang Utama (Jakarta);Smartphone Pro;Elektronik;Gudang Utama (Jakarta);;140;;
BRG-0365;Pesan Barang ke Pemasok;2025-05-06 02.40.00;PT Andalan Logistik;Monitor LED 24 Inch;Elektronik;Gudang Cabang (Bandung);8.050.000;;;
BRG-0365;Terima Barang di Gudang;2025-05-09 17.40.00;Gudang Cabang (Bandung);Monitor LED 24 Inch;Elektronik;Gudang Cabang (Bandung);;326;;
BRG-0365;Tetapkan Harga Jual;2025-05-10 19.40.00;Admin Penjualan;Monitor LED 24 Inch;Elektronik;Gudang Cabang (Bandung);;;10.152.000;26,11
BRG-0365;Barang Siap Dijual;2025-05-11 06.40.00;Gudang Cabang (Bandung);Monitor LED 24 Inch;Elektronik;Gudang Cabang (Bandung);;326;;
BRG-0366;Pesan Barang ke Pemasok;2025-02-02 11.00.00;CV Prima Elektronik;Speaker Bluetooth;Elektronik;Gudang Cabang (Makassar);11.225.000;;;
BRG-0366;Terima Barang di Gudang;2025-02-09 14.00.00;Gudang Cabang (Makassar);Speaker Bluetooth;Elektronik;Gudang Cabang (Makassar);;133;;
BRG-0366;Tetapkan Harga Jual;2025-02-10 23.00.00;Admin Penjualan;Speaker Bluetooth;Elektronik;Gudang Cabang (Makassar);;;13.193.000;17,53
BRG-0366;Barang Siap Dijual;2025-02-11 06.00.00;Gudang Cabang (Makassar);Speaker Bluetooth;Elektronik;Gudang Cabang (Makassar);;133;;
BRG-0367;Pesan Barang ke Pemasok;2025-08-08 07.00.00;CV Berkah Komputer;DVR 16 Channel;Keamanan;Gudang Cabang (Bandung);5.500.000;;;
BRG-0367;Terima Barang di Gudang;2025-08-16 18.00.00;Gudang Cabang (Bandung);DVR 16 Channel;Keamanan;Gudang Cabang (Bandung);;281;;
BRG-0367;Tetapkan Harga Jual;2025-08-17 02.00.00;Admin Penjualan;DVR 16 Channel;Keamanan;Gudang Cabang (Bandung);;;7.019.000;27,62
BRG-0367;Barang Siap Dijual;2025-08-17 13.00.00;Gudang Cabang (Bandung);DVR 16 Channel;Keamanan;Gudang Cabang (Bandung);;281;;
BRG-0368;Pesan Barang ke Pemasok;2025-09-04 14.00.00;CV Sentral Niaga;Keyboard Mechanical RGB;Aksesoris Komputer;Gudang Utama (Jakarta);1.425.000;;;
BRG-0368;Terima Barang di Gudang;2025-09-12 22.00.00;Gudang Utama (Jakarta);Keyboard Mechanical RGB;Aksesoris Komputer;Gudang Utama (Jakarta);;288;;
BRG-0368;Tetapkan Harga Jual;2025-09-14 03.00.00;Admin Penjualan;Keyboard Mechanical RGB;Aksesoris Komputer;Gudang Utama (Jakarta);;;1.677.000;17,67
BRG-0368;Barang Siap Dijual;2025-09-14 19.00.00;Gudang Utama (Jakarta);Keyboard Mechanical RGB;Aksesoris Komputer;Gudang Utama (Jakarta);;288;;
BRG-0369;Pesan Barang ke Pemasok;2025-04-06 13.40.00;CV Berkah Komputer;Access Point WiFi 6;Peralatan Jaringan;Gudang Utama (Jakarta);13.350.000;;;
BRG-0369;Terima Barang di Gudang;2025-04-12 18.40.00;Gudang Utama (Jakarta);Access Point WiFi 6;Peralatan Jaringan;Gudang Utama (Jakarta);;102;;
BRG-0369;Tetapkan Harga Jual;2025-04-13 08.40.00;Admin Penjualan;Access Point WiFi 6;Peralatan Jaringan;Gudang Utama (Jakarta);;;14.592.000;9,30
BRG-0369;Barang Siap Dijual;2025-04-13 17.40.00;Gudang Utama (Jakarta);Access Point WiFi 6;Peralatan Jaringan;Gudang Utama (Jakarta);;102;;
BRG-0370;Pesan Barang ke Pemasok;2025-08-22 17.20.00;PT Andalan Logistik;DVR 16 Channel;Keamanan;Gudang Cabang (Medan);5.425.000;;;
BRG-0370;Terima Barang di Gudang;2025-08-24 05.20.00;Gudang Cabang (Medan);DVR 16 Channel;Keamanan;Gudang Cabang (Medan);;198;;
BRG-0370;Tetapkan Harga Jual;2025-08-26 03.20.00;Admin Penjualan;DVR 16 Channel;Keamanan;Gudang Cabang (Medan);;;6.525.000;20,28
BRG-0370;Barang Siap Dijual;2025-08-26 12.20.00;Gudang Cabang (Medan);DVR 16 Channel;Keamanan;Gudang Cabang (Medan);;198;;
BRG-0371;Pesan Barang ke Pemasok;2025-02-06 12.30.00;CV Berkah Komputer;Access Point WiFi 6;Peralatan Jaringan;Gudang Cabang (Semarang);8.000.000;;;
BRG-0371;Terima Barang di Gudang;2025-02-13 05.30.00;Gudang Cabang (Semarang);Access Point WiFi 6;Peralatan Jaringan;Gudang Cabang (Semarang);;345;;
BRG-0371;Tetapkan Harga Jual;2025-02-15 05.30.00;Admin Penjualan;Access Point WiFi 6;Peralatan Jaringan;Gudang Cabang (Semarang);;;10.378.000;29,73
BRG-0371;Barang Siap Dijual;2025-02-15 10.30.00;Gudang Cabang (Semarang);Access Point WiFi 6;Peralatan Jaringan;Gudang Cabang (Semarang);;345;;
BRG-0372;Pesan Barang ke Pemasok;2025-07-02 08.00.00;CV Maju Bersama;Access Point WiFi 6;Peralatan Jaringan;Gudang Cabang (Semarang);10.025.000;;;
BRG-0372;Terima Barang di Gudang;2025-07-07 02.00.00;Gudang Cabang (Semarang);Access Point WiFi 6;Peralatan Jaringan;Gudang Cabang (Semarang);;306;;
BRG-0372;Tetapkan Harga Jual;2025-07-08 17.00.00;Admin Penjualan;Access Point WiFi 6;Peralatan Jaringan;Gudang Cabang (Semarang);;;12.905.000;28,73
BRG-0372;Barang Siap Dijual;2025-07-08 19.00.00;Gudang Cabang (Semarang);Access Point WiFi 6;Peralatan Jaringan;Gudang Cabang (Semarang);;306;;
BRG-0373;Pesan Barang ke Pemasok;2025-01-20 07.40.00;PT Andalan Logistik;Printer LaserJet;Peralatan Kantor;Gudang Utama (Jakarta);5.350.000;;;
BRG-0373;Terima Barang di Gudang;2025-01-24 22.40.00;Gudang Utama (Jakarta);Printer LaserJet;Peralatan Kantor;Gudang Utama (Jakarta);;139;;
BRG-0373;Tetapkan Harga Jual;2025-01-25 07.40.00;Admin Penjualan;Printer LaserJet;Peralatan Kantor;Gudang Utama (Jakarta);;;6.234.000;16,52
BRG-0373;Barang Siap Dijual;2025-01-25 20.40.00;Gudang Utama (Jakarta);Printer LaserJet;Peralatan Kantor;Gudang Utama (Jakarta);;139;;
BRG-0374;Pesan Barang ke Pemasok;2025-12-02 05.30.00;CV Maju Bersama;Air Purifier;Peralatan Rumah Tangga;Gudang Utama (Jakarta);7.775.000;;;
BRG-0374;Terima Barang di Gudang;2025-12-06 12.30.00;Gudang Utama (Jakarta);Air Purifier;Peralatan Rumah Tangga;Gudang Utama (Jakarta);;116;;
BRG-0374;Tetapkan Harga Jual;2025-12-07 20.30.00;Admin Penjualan;Air Purifier;Peralatan Rumah Tangga;Gudang Utama (Jakarta);;;9.372.000;20,54
BRG-0374;Barang Siap Dijual;2025-12-08 14.30.00;Gudang Utama (Jakarta);Air Purifier;Peralatan Rumah Tangga;Gudang Utama (Jakarta);;116;;
BRG-0375;Pesan Barang ke Pemasok;2025-03-30 11.00.00;PT Global Persada;Mouse Wireless Pro;Aksesoris Komputer;Gudang Cabang (Makassar);4.075.000;;;
BRG-0375;Terima Barang di Gudang;2025-04-02 16.00.00;Gudang Cabang (Makassar);Mouse Wireless Pro;Aksesoris Komputer;Gudang Cabang (Makassar);;307;;
BRG-0375;Tetapkan Harga Jual;2025-04-04 07.00.00;Admin Penjualan;Mouse Wireless Pro;Aksesoris Komputer;Gudang Cabang (Makassar);;;4.401.000;8,01
BRG-0375;Barang Siap Dijual;2025-04-04 13.00.00;Gudang Cabang (Makassar);Mouse Wireless Pro;Aksesoris Komputer;Gudang Cabang (Makassar);;307;;
BRG-0376;Pesan Barang ke Pemasok;2025-02-16 10.50.00;CV Sentral Niaga;Printer LaserJet;Peralatan Kantor;Gudang Cabang (Surabaya);2.025.000;;;
BRG-0376;Terima Barang di Gudang;2025-02-18 02.50.00;Gudang Cabang (Surabaya);Printer LaserJet;Peralatan Kantor;Gudang Cabang (Surabaya);;254;;
BRG-0376;Tetapkan Harga Jual;2025-02-19 09.50.00;Admin Penjualan;Printer LaserJet;Peralatan Kantor;Gudang Cabang (Surabaya);;;2.316.000;14,39
BRG-0376;Barang Siap Dijual;2025-02-19 18.50.00;Gudang Cabang (Surabaya);Printer LaserJet;Peralatan Kantor;Gudang Cabang (Surabaya);;254;;
BRG-0377;Pesan Barang ke Pemasok;2025-08-18 21.00.00;PT Sinar Teknologi;Access Point WiFi 6;Peralatan Jaringan;Gudang Cabang (Surabaya);11.450.000;;;
BRG-0377;Terima Barang di Gudang;2025-08-20 04.00.00;Gudang Cabang (Surabaya);Access Point WiFi 6;Peralatan Jaringan;Gudang Cabang (Surabaya);;262;;
BRG-0377;Tetapkan Harga Jual;2025-08-21 05.00.00;Admin Penjualan;Access Point WiFi 6;Peralatan Jaringan;Gudang Cabang (Surabaya);;;13.300.000;16,16
BRG-0377;Barang Siap Dijual;2025-08-21 12.00.00;Gudang Cabang (Surabaya);Access Point WiFi 6;Peralatan Jaringan;Gudang Cabang (Surabaya);;262;;
BRG-0378;Pesan Barang ke Pemasok;2025-08-29 22.20.00;CV Sentral Niaga;Printer LaserJet;Peralatan Kantor;Gudang Cabang (Bandung);2.400.000;;;
BRG-0378;Terima Barang di Gudang;2025-09-05 01.20.00;Gudang Cabang (Bandung);Printer LaserJet;Peralatan Kantor;Gudang Cabang (Bandung);;45;;
BRG-0378;Tetapkan Harga Jual;2025-09-06 05.20.00;Admin Penjualan;Printer LaserJet;Peralatan Kantor;Gudang Cabang (Bandung);;;2.779.000;15,78
BRG-0378;Barang Siap Dijual;2025-09-06 23.20.00;Gudang Cabang (Bandung);Printer LaserJet;Peralatan Kantor;Gudang Cabang (Bandung);;45;;
BRG-0379;Pesan Barang ke Pemasok;2025-10-02 19.00.00;CV Berkah Komputer;Monitor LED 24 Inch;Elektronik;Gudang Cabang (Surabaya);2.050.000;;;
BRG-0379;Terima Barang di Gudang;2025-10-06 21.00.00;Gudang Cabang (Surabaya);Monitor LED 24 Inch;Elektronik;Gudang Cabang (Surabaya);;243;;
BRG-0379;Tetapkan Harga Jual;2025-10-08 20.00.00;Admin Penjualan;Monitor LED 24 Inch;Elektronik;Gudang Cabang (Surabaya);;;2.693.000;31,39
BRG-0379;Barang Siap Dijual;2025-10-09 02.00.00;Gudang Cabang (Surabaya);Monitor LED 24 Inch;Elektronik;Gudang Cabang (Surabaya);;243;;
BRG-0380;Pesan Barang ke Pemasok;2025-05-25 07.40.00;CV Prima Elektronik;Switch 24 Port;Peralatan Jaringan;Gudang Cabang (Makassar);3.225.000;;;
BRG-0380;Terima Barang di Gudang;2025-05-31 22.40.00;Gudang Cabang (Makassar);Switch 24 Port;Peralatan Jaringan;Gudang Cabang (Makassar);;157;;
BRG-0380;Tetapkan Harga Jual;2025-06-02 22.40.00;Admin Penjualan;Switch 24 Port;Peralatan Jaringan;Gudang Cabang (Makassar);;;3.776.000;17,09
BRG-0380;Barang Siap Dijual;2025-06-03 12.40.00;Gudang Cabang (Makassar);Switch 24 Port;Peralatan Jaringan;Gudang Cabang (Makassar);;157;;
BRG-0381;Pesan Barang ke Pemasok;2025-12-27 11.10.00;PT Global Persada;Air Purifier;Peralatan Rumah Tangga;Gudang Cabang (Bandung);2.650.000;;;
BRG-0381;Terima Barang di Gudang;2025-12-30 18.10.00;Gudang Cabang (Bandung);Air Purifier;Peralatan Rumah Tangga;Gudang Cabang (Bandung);;191;;
BRG-0381;Tetapkan Harga Jual;2025-12-31 05.10.00;Admin Penjualan;Air Purifier;Peralatan Rumah Tangga;Gudang Cabang (Bandung);;;3.288.000;24,08
BRG-0381;Barang Siap Dijual;2025-12-31 23.10.00;Gudang Cabang (Bandung);Air Purifier;Peralatan Rumah Tangga;Gudang Cabang (Bandung);;191;;
BRG-0382;Pesan Barang ke Pemasok;2025-01-01 15.40.00;PT Global Persada;Printer LaserJet;Peralatan Kantor;Gudang Cabang (Makassar);1.950.000;;;
BRG-0382;Terima Barang di Gudang;2025-01-07 18.40.00;Gudang Cabang (Makassar);Printer LaserJet;Peralatan Kantor;Gudang Cabang (Makassar);;321;;
BRG-0382;Tetapkan Harga Jual;2025-01-08 04.40.00;Admin Penjualan;Printer LaserJet;Peralatan Kantor;Gudang Cabang (Makassar);;;2.204.000;13,00
BRG-0382;Barang Siap Dijual;2025-01-08 11.40.00;Gudang Cabang (Makassar);Printer LaserJet;Peralatan Kantor;Gudang Cabang (Makassar);;321;;
BRG-0383;Pesan Barang ke Pemasok;2025-05-22 05.00.00;PT Global Persada;Printer LaserJet;Peralatan Kantor;Gudang Cabang (Makassar);10.550.000;;;
BRG-0383;Terima Barang di Gudang;2025-05-26 10.00.00;Gudang Cabang (Makassar);Printer LaserJet;Peralatan Kantor;Gudang Cabang (Makassar);;278;;
BRG-0383;Tetapkan Harga Jual;2025-05-28 04.00.00;Admin Penjualan;Printer LaserJet;Peralatan Kantor;Gudang Cabang (Makassar);;;12.994.000;23,17
BRG-0383;Barang Siap Dijual;2025-05-28 11.00.00;Gudang Cabang (Makassar);Printer LaserJet;Peralatan Kantor;Gudang Cabang (Makassar);;278;;
BRG-0384;Pesan Barang ke Pemasok;2025-04-11 10.00.00;PT Nusantara Digital;Switch 24 Port;Peralatan Jaringan;Gudang Cabang (Semarang);900.000;;;
BRG-0384;Terima Barang di Gudang;2025-04-13 16.00.00;Gudang Cabang (Semarang);Switch 24 Port;Peralatan Jaringan;Gudang Cabang (Semarang);;275;;
BRG-0384;Tetapkan Harga Jual;2025-04-14 23.00.00;Admin Penjualan;Switch 24 Port;Peralatan Jaringan;Gudang Cabang (Semarang);;;1.005.000;11,63
BRG-0384;Barang Siap Dijual;2025-04-15 07.00.00;Gudang Cabang (Semarang);Switch 24 Port;Peralatan Jaringan;Gudang Cabang (Semarang);;275;;
BRG-0385;Pesan Barang ke Pemasok;2025-06-14 05.00.00;CV Maju Bersama;Scanner Dokumen A4;Peralatan Kantor;Gudang Cabang (Makassar);6.975.000;;;
BRG-0385;Terima Barang di Gudang;2025-06-21 11.00.00;Gudang Cabang (Makassar);Scanner Dokumen A4;Peralatan Kantor;Gudang Cabang (Makassar);;310;;
BRG-0385;Tetapkan Harga Jual;2025-06-21 23.00.00;Admin Penjualan;Scanner Dokumen A4;Peralatan Kantor;Gudang Cabang (Makassar);;;8.277.000;18,67
BRG-0385;Barang Siap Dijual;2025-06-22 16.00.00;Gudang Cabang (Makassar);Scanner Dokumen A4;Peralatan Kantor;Gudang Cabang (Makassar);;310;;
BRG-0386;Pesan Barang ke Pemasok;2025-03-09 01.10.00;PT Global Persada;Mouse Wireless Pro;Aksesoris Komputer;Gudang Cabang (Medan);5.950.000;;;
BRG-0386;Terima Barang di Gudang;2025-03-12 13.10.00;Gudang Cabang (Medan);Mouse Wireless Pro;Aksesoris Komputer;Gudang Cabang (Medan);;254;;
BRG-0386;Tetapkan Harga Jual;2025-03-13 07.10.00;Admin Penjualan;Mouse Wireless Pro;Aksesoris Komputer;Gudang Cabang (Medan);;;6.780.000;13,95
BRG-0386;Barang Siap Dijual;2025-03-13 15.10.00;Gudang Cabang (Medan);Mouse Wireless Pro;Aksesoris Komputer;Gudang Cabang (Medan);;254;;
BRG-0387;Pesan Barang ke Pemasok;2025-07-05 03.10.00;CV Maju Bersama;Access Point WiFi 6;Peralatan Jaringan;Gudang Cabang (Makassar);975.000;;;
BRG-0387;Terima Barang di Gudang;2025-07-13 09.10.00;Gudang Cabang (Makassar);Access Point WiFi 6;Peralatan Jaringan;Gudang Cabang (Makassar);;160;;
BRG-0387;Tetapkan Harga Jual;2025-07-13 15.10.00;Admin Penjualan;Access Point WiFi 6;Peralatan Jaringan;Gudang Cabang (Makassar);;;1.245.000;27,68
BRG-0387;Barang Siap Dijual;2025-07-14 05.10.00;Gudang Cabang (Makassar);Access Point WiFi 6;Peralatan Jaringan;Gudang Cabang (Makassar);;160;;
BRG-0388;Pesan Barang ke Pemasok;2025-05-27 14.20.00;PT Nusantara Digital;Power Bank 20000mAh;Aksesoris Elektronik;Gudang Cabang (Semarang);11.000.000;;;
BRG-0388;Terima Barang di Gudang;2025-06-03 04.20.00;Gudang Cabang (Semarang);Power Bank 20000mAh;Aksesoris Elektronik;Gudang Cabang (Semarang);;325;;
BRG-0388;Tetapkan Harga Jual;2025-06-04 17.20.00;Admin Penjualan;Power Bank 20000mAh;Aksesoris Elektronik;Gudang Cabang (Semarang);;;12.801.000;16,37
BRG-0388;Barang Siap Dijual;2025-06-04 19.20.00;Gudang Cabang (Semarang);Power Bank 20000mAh;Aksesoris Elektronik;Gudang Cabang (Semarang);;325;;
BRG-0389;Pesan Barang ke Pemasok;2025-10-08 01.10.00;CV Prima Elektronik;Keyboard Mechanical RGB;Aksesoris Komputer;Gudang Utama (Jakarta);14.200.000;;;
BRG-0389;Terima Barang di Gudang;2025-10-09 12.10.00;Gudang Utama (Jakarta);Keyboard Mechanical RGB;Aksesoris Komputer;Gudang Utama (Jakarta);;189;;
BRG-0389;Tetapkan Harga Jual;2025-10-10 05.10.00;Admin Penjualan;Keyboard Mechanical RGB;Aksesoris Komputer;Gudang Utama (Jakarta);;;17.888.000;25,97
BRG-0389;Barang Siap Dijual;2025-10-10 17.10.00;Gudang Utama (Jakarta);Keyboard Mechanical RGB;Aksesoris Komputer;Gudang Utama (Jakarta);;189;;
BRG-0390;Pesan Barang ke Pemasok;2025-09-28 05.10.00;PT Nusantara Digital;Laptop Gaming X15;Elektronik;Gudang Cabang (Makassar);11.250.000;;;
BRG-0390;Terima Barang di Gudang;2025-10-06 16.10.00;Gudang Cabang (Makassar);Laptop Gaming X15;Elektronik;Gudang Cabang (Makassar);;148;;
BRG-0390;Tetapkan Harga Jual;2025-10-07 04.10.00;Admin Penjualan;Laptop Gaming X15;Elektronik;Gudang Cabang (Makassar);;;13.563.000;20,56
BRG-0390;Barang Siap Dijual;2025-10-07 07.10.00;Gudang Cabang (Makassar);Laptop Gaming X15;Elektronik;Gudang Cabang (Makassar);;148;;
BRG-0391;Pesan Barang ke Pemasok;2025-05-31 06.40.00;CV Sentral Niaga;Access Point WiFi 6;Peralatan Jaringan;Gudang Utama (Jakarta);10.825.000;;;
BRG-0391;Terima Barang di Gudang;2025-06-07 08.40.00;Gudang Utama (Jakarta);Access Point WiFi 6;Peralatan Jaringan;Gudang Utama (Jakarta);;183;;
BRG-0391;Tetapkan Harga Jual;2025-06-08 23.40.00;Admin Penjualan;Access Point WiFi 6;Peralatan Jaringan;Gudang Utama (Jakarta);;;12.692.000;17,25
BRG-0391;Barang Siap Dijual;2025-06-09 02.40.00;Gudang Utama (Jakarta);Access Point WiFi 6;Peralatan Jaringan;Gudang Utama (Jakarta);;183;;
BRG-0392;Pesan Barang ke Pemasok;2025-09-27 05.20.00;CV Sentral Niaga;Air Purifier;Peralatan Rumah Tangga;Gudang Cabang (Surabaya);6.975.000;;;
BRG-0392;Terima Barang di Gudang;2025-10-02 08.20.00;Gudang Cabang (Surabaya);Air Purifier;Peralatan Rumah Tangga;Gudang Cabang (Surabaya);;267;;
BRG-0392;Tetapkan Harga Jual;2025-10-03 10.20.00;Admin Penjualan;Air Purifier;Peralatan Rumah Tangga;Gudang Cabang (Surabaya);;;9.154.000;31,24
BRG-0392;Barang Siap Dijual;2025-10-03 12.20.00;Gudang Cabang (Surabaya);Air Purifier;Peralatan Rumah Tangga;Gudang Cabang (Surabaya);;267;;
BRG-0393;Pesan Barang ke Pemasok;2025-07-08 08.30.00;PT Sinar Teknologi;Laptop Gaming X15;Elektronik;Gudang Cabang (Semarang);14.025.000;;;
BRG-0393;Terima Barang di Gudang;2025-07-11 16.30.00;Gudang Cabang (Semarang);Laptop Gaming X15;Elektronik;Gudang Cabang (Semarang);;333;;
BRG-0393;Tetapkan Harga Jual;2025-07-13 03.30.00;Admin Penjualan;Laptop Gaming X15;Elektronik;Gudang Cabang (Semarang);;;18.369.000;30,97
BRG-0393;Barang Siap Dijual;2025-07-13 20.30.00;Gudang Cabang (Semarang);Laptop Gaming X15;Elektronik;Gudang Cabang (Semarang);;333;;
BRG-0394;Pesan Barang ke Pemasok;2025-09-02 03.00.00;CV Prima Elektronik;Access Point WiFi 6;Peralatan Jaringan;Gudang Utama (Jakarta);13.625.000;;;
BRG-0394;Terima Barang di Gudang;2025-09-06 11.00.00;Gudang Utama (Jakarta);Access Point WiFi 6;Peralatan Jaringan;Gudang Utama (Jakarta);;54;;
BRG-0394;Tetapkan Harga Jual;2025-09-06 21.00.00;Admin Penjualan;Access Point WiFi 6;Peralatan Jaringan;Gudang Utama (Jakarta);;;16.481.000;20,96
BRG-0394;Barang Siap Dijual;2025-09-07 14.00.00;Gudang Utama (Jakarta);Access Point WiFi 6;Peralatan Jaringan;Gudang Utama (Jakarta);;54;;
BRG-0395;Pesan Barang ke Pemasok;2025-02-25 14.20.00;PT Cipta Sarana;Router AX3000;Peralatan Jaringan;Gudang Cabang (Makassar);325.000;;;
BRG-0395;Terima Barang di Gudang;2025-02-28 16.20.00;Gudang Cabang (Makassar);Router AX3000;Peralatan Jaringan;Gudang Cabang (Makassar);;204;;
BRG-0395;Tetapkan Harga Jual;2025-03-02 15.20.00;Admin Penjualan;Router AX3000;Peralatan Jaringan;Gudang Cabang (Makassar);;;395.000;21,47
BRG-0395;Barang Siap Dijual;2025-03-03 03.20.00;Gudang Cabang (Makassar);Router AX3000;Peralatan Jaringan;Gudang Cabang (Makassar);;204;;
BRG-0396;Pesan Barang ke Pemasok;2025-06-13 02.10.00;PT Global Persada;Air Purifier;Peralatan Rumah Tangga;Gudang Cabang (Surabaya);6.525.000;;;
BRG-0396;Terima Barang di Gudang;2025-06-16 15.10.00;Gudang Cabang (Surabaya);Air Purifier;Peralatan Rumah Tangga;Gudang Cabang (Surabaya);;111;;
BRG-0396;Tetapkan Harga Jual;2025-06-17 14.10.00;Admin Penjualan;Air Purifier;Peralatan Rumah Tangga;Gudang Cabang (Surabaya);;;7.268.000;11,39
BRG-0396;Barang Siap Dijual;2025-06-18 08.10.00;Gudang Cabang (Surabaya);Air Purifier;Peralatan Rumah Tangga;Gudang Cabang (Surabaya);;111;;
BRG-0397;Pesan Barang ke Pemasok;2025-05-28 02.00.00;PT Global Persada;Smartphone Pro;Elektronik;Gudang Cabang (Surabaya);675.000;;;
BRG-0397;Terima Barang di Gudang;2025-06-02 20.00.00;Gudang Cabang (Surabaya);Smartphone Pro;Elektronik;Gudang Cabang (Surabaya);;166;;
BRG-0397;Tetapkan Harga Jual;2025-06-03 04.00.00;Admin Penjualan;Smartphone Pro;Elektronik;Gudang Cabang (Surabaya);;;823.000;21,94
BRG-0397;Barang Siap Dijual;2025-06-03 19.00.00;Gudang Cabang (Surabaya);Smartphone Pro;Elektronik;Gudang Cabang (Surabaya);;166;;
BRG-0398;Pesan Barang ke Pemasok;2025-11-05 14.40.00;CV Prima Elektronik;Monitor LED 24 Inch;Elektronik;Gudang Cabang (Bandung);11.975.000;;;
BRG-0398;Terima Barang di Gudang;2025-11-06 18.40.00;Gudang Cabang (Bandung);Monitor LED 24 Inch;Elektronik;Gudang Cabang (Bandung);;208;;
BRG-0398;Tetapkan Harga Jual;2025-11-08 17.40.00;Admin Penjualan;Monitor LED 24 Inch;Elektronik;Gudang Cabang (Bandung);;;13.341.000;11,41
BRG-0398;Barang Siap Dijual;2025-11-08 20.40.00;Gudang Cabang (Bandung);Monitor LED 24 Inch;Elektronik;Gudang Cabang (Bandung);;208;;
BRG-0399;Pesan Barang ke Pemasok;2025-01-26 16.20.00;PT Cipta Sarana;Scanner Dokumen A4;Peralatan Kantor;Gudang Cabang (Makassar);8.425.000;;;
BRG-0399;Terima Barang di Gudang;2025-01-29 10.20.00;Gudang Cabang (Makassar);Scanner Dokumen A4;Peralatan Kantor;Gudang Cabang (Makassar);;324;;
BRG-0399;Tetapkan Harga Jual;2025-01-31 07.20.00;Admin Penjualan;Scanner Dokumen A4;Peralatan Kantor;Gudang Cabang (Makassar);;;11.065.000;31,34
BRG-0399;Barang Siap Dijual;2025-01-31 17.20.00;Gudang Cabang (Makassar);Scanner Dokumen A4;Peralatan Kantor;Gudang Cabang (Makassar);;324;;
BRG-0400;Pesan Barang ke Pemasok;2025-05-07 18.30.00;CV Berkah Komputer;Air Purifier;Peralatan Rumah Tangga;Gudang Utama (Jakarta);875.000;;;
BRG-0400;Terima Barang di Gudang;2025-05-10 19.30.00;Gudang Utama (Jakarta);Air Purifier;Peralatan Rumah Tangga;Gudang Utama (Jakarta);;225;;
BRG-0400;Tetapkan Harga Jual;2025-05-12 01.30.00;Admin Penjualan;Air Purifier;Peralatan Rumah Tangga;Gudang Utama (Jakarta);;;978.000;11,81
BRG-0400;Barang Siap Dijual;2025-05-12 05.30.00;Gudang Utama (Jakarta);Air Purifier;Peralatan Rumah Tangga;Gudang Utama (Jakarta);;225;;
BRG-0401;Pesan Barang ke Pemasok;2025-04-27 19.20.00;PT Cipta Sarana;Router AX3000;Peralatan Jaringan;Gudang Cabang (Surabaya);11.450.000;;;
BRG-0401;Terima Barang di Gudang;2025-05-01 11.20.00;Gudang Cabang (Surabaya);Router AX3000;Peralatan Jaringan;Gudang Cabang (Surabaya);;82;;
BRG-0401;Tetapkan Harga Jual;2025-05-01 20.20.00;Admin Penjualan;Router AX3000;Peralatan Jaringan;Gudang Cabang (Surabaya);;;14.517.000;26,79
BRG-0401;Barang Siap Dijual;2025-05-02 00.20.00;Gudang Cabang (Surabaya);Router AX3000;Peralatan Jaringan;Gudang Cabang (Surabaya);;82;;
BRG-0402;Pesan Barang ke Pemasok;2025-03-16 08.00.00;PT Nusantara Digital;DVR 16 Channel;Keamanan;Gudang Cabang (Makassar);925.000;;;
BRG-0402;Terima Barang di Gudang;2025-03-23 12.00.00;Gudang Cabang (Makassar);DVR 16 Channel;Keamanan;Gudang Cabang (Makassar);;156;;
BRG-0402;Tetapkan Harga Jual;2025-03-24 07.00.00;Admin Penjualan;DVR 16 Channel;Keamanan;Gudang Cabang (Makassar);;;1.158.000;25,18
BRG-0402;Barang Siap Dijual;2025-03-25 00.00.00;Gudang Cabang (Makassar);DVR 16 Channel;Keamanan;Gudang Cabang (Makassar);;156;;
BRG-0403;Pesan Barang ke Pemasok;2025-12-20 01.00.00;CV Maju Bersama;Smart TV 43 Inch;Elektronik;Gudang Cabang (Bandung);425.000;;;
BRG-0403;Terima Barang di Gudang;2025-12-22 04.00.00;Gudang Cabang (Bandung);Smart TV 43 Inch;Elektronik;Gudang Cabang (Bandung);;86;;
BRG-0403;Tetapkan Harga Jual;2025-12-23 11.00.00;Admin Penjualan;Smart TV 43 Inch;Elektronik;Gudang Cabang (Bandung);;;542.000;27,47
BRG-0403;Barang Siap Dijual;2025-12-23 20.00.00;Gudang Cabang (Bandung);Smart TV 43 Inch;Elektronik;Gudang Cabang (Bandung);;86;;
BRG-0404;Pesan Barang ke Pemasok;2025-12-31 16.00.00;CV Maju Bersama;Mouse Wireless Pro;Aksesoris Komputer;Gudang Cabang (Surabaya);4.525.000;;;
BRG-0404;Terima Barang di Gudang;2026-01-08 22.00.00;Gudang Cabang (Surabaya);Mouse Wireless Pro;Aksesoris Komputer;Gudang Cabang (Surabaya);;274;;
BRG-0404;Tetapkan Harga Jual;2026-01-09 18.00.00;Admin Penjualan;Mouse Wireless Pro;Aksesoris Komputer;Gudang Cabang (Surabaya);;;5.103.000;12,77
BRG-0404;Barang Siap Dijual;2026-01-10 04.00.00;Gudang Cabang (Surabaya);Mouse Wireless Pro;Aksesoris Komputer;Gudang Cabang (Surabaya);;274;;
BRG-0405;Pesan Barang ke Pemasok;2025-08-14 02.40.00;PT Global Persada;Keyboard Mechanical RGB;Aksesoris Komputer;Gudang Cabang (Makassar);12.500.000;;;
BRG-0405;Terima Barang di Gudang;2025-08-17 05.40.00;Gudang Cabang (Makassar);Keyboard Mechanical RGB;Aksesoris Komputer;Gudang Cabang (Makassar);;90;;
BRG-0405;Tetapkan Harga Jual;2025-08-17 22.40.00;Admin Penjualan;Keyboard Mechanical RGB;Aksesoris Komputer;Gudang Cabang (Makassar);;;15.939.000;27,51
BRG-0405;Barang Siap Dijual;2025-08-18 00.40.00;Gudang Cabang (Makassar);Keyboard Mechanical RGB;Aksesoris Komputer;Gudang Cabang (Makassar);;90;;
BRG-0406;Pesan Barang ke Pemasok;2025-02-09 13.30.00;PT Cipta Sarana;DVR 16 Channel;Keamanan;Gudang Cabang (Semarang);2.950.000;;;
BRG-0406;Terima Barang di Gudang;2025-02-11 16.30.00;Gudang Cabang (Semarang);DVR 16 Channel;Keamanan;Gudang Cabang (Semarang);;129;;
BRG-0406;Tetapkan Harga Jual;2025-02-12 23.30.00;Admin Penjualan;DVR 16 Channel;Keamanan;Gudang Cabang (Semarang);;;3.525.000;19,48
BRG-0406;Barang Siap Dijual;2025-02-13 17.30.00;Gudang Cabang (Semarang);DVR 16 Channel;Keamanan;Gudang Cabang (Semarang);;129;;
BRG-0407;Pesan Barang ke Pemasok;2025-12-19 17.40.00;CV Prima Elektronik;Scanner Dokumen A4;Peralatan Kantor;Gudang Cabang (Surabaya);2.200.000;;;
BRG-0407;Terima Barang di Gudang;2025-12-26 21.40.00;Gudang Cabang (Surabaya);Scanner Dokumen A4;Peralatan Kantor;Gudang Cabang (Surabaya);;148;;
BRG-0407;Tetapkan Harga Jual;2025-12-27 18.40.00;Admin Penjualan;Scanner Dokumen A4;Peralatan Kantor;Gudang Cabang (Surabaya);;;2.781.000;26,43
BRG-0407;Barang Siap Dijual;2025-12-28 01.40.00;Gudang Cabang (Surabaya);Scanner Dokumen A4;Peralatan Kantor;Gudang Cabang (Surabaya);;148;;
BRG-0408;Pesan Barang ke Pemasok;2025-09-13 22.10.00;CV Mitra Jaya;Speaker Bluetooth;Elektronik;Gudang Cabang (Semarang);13.850.000;;;
BRG-0408;Terima Barang di Gudang;2025-09-18 16.10.00;Gudang Cabang (Semarang);Speaker Bluetooth;Elektronik;Gudang Cabang (Semarang);;172;;
BRG-0408;Tetapkan Harga Jual;2025-09-20 01.10.00;Admin Penjualan;Speaker Bluetooth;Elektronik;Gudang Cabang (Semarang);;;16.714.000;20,68
BRG-0408;Barang Siap Dijual;2025-09-20 19.10.00;Gudang Cabang (Semarang);Speaker Bluetooth;Elektronik;Gudang Cabang (Semarang);;172;;
BRG-0409;Pesan Barang ke Pemasok;2025-01-13 11.00.00;CV Berkah Komputer;Monitor LED 24 Inch;Elektronik;Gudang Cabang (Medan);6.875.000;;;
BRG-0409;Terima Barang di Gudang;2025-01-16 05.00.00;Gudang Cabang (Medan);Monitor LED 24 Inch;Elektronik;Gudang Cabang (Medan);;251;;
BRG-0409;Tetapkan Harga Jual;2025-01-17 13.00.00;Admin Penjualan;Monitor LED 24 Inch;Elektronik;Gudang Cabang (Medan);;;8.555.000;24,43
BRG-0409;Barang Siap Dijual;2025-01-17 18.00.00;Gudang Cabang (Medan);Monitor LED 24 Inch;Elektronik;Gudang Cabang (Medan);;251;;
BRG-0410;Pesan Barang ke Pemasok;2025-01-12 05.30.00;CV Mitra Jaya;Power Bank 20000mAh;Aksesoris Elektronik;Gudang Cabang (Semarang);3.725.000;;;
BRG-0410;Terima Barang di Gudang;2025-01-14 13.30.00;Gudang Cabang (Semarang);Power Bank 20000mAh;Aksesoris Elektronik;Gudang Cabang (Semarang);;249;;
BRG-0410;Tetapkan Harga Jual;2025-01-16 01.30.00;Admin Penjualan;Power Bank 20000mAh;Aksesoris Elektronik;Gudang Cabang (Semarang);;;4.914.000;31,93
BRG-0410;Barang Siap Dijual;2025-01-16 08.30.00;Gudang Cabang (Semarang);Power Bank 20000mAh;Aksesoris Elektronik;Gudang Cabang (Semarang);;249;;
BRG-0411;Pesan Barang ke Pemasok;2025-11-09 17.20.00;CV Berkah Komputer;Mouse Wireless Pro;Aksesoris Komputer;Gudang Cabang (Bandung);14.625.000;;;
BRG-0411;Terima Barang di Gudang;2025-11-16 19.20.00;Gudang Cabang (Bandung);Mouse Wireless Pro;Aksesoris Komputer;Gudang Cabang (Bandung);;152;;
BRG-0411;Tetapkan Harga Jual;2025-11-18 11.20.00;Admin Penjualan;Mouse Wireless Pro;Aksesoris Komputer;Gudang Cabang (Bandung);;;17.404.000;19,00
BRG-0411;Barang Siap Dijual;2025-11-18 21.20.00;Gudang Cabang (Bandung);Mouse Wireless Pro;Aksesoris Komputer;Gudang Cabang (Bandung);;152;;
BRG-0412;Pesan Barang ke Pemasok;2025-01-04 01.30.00;CV Prima Elektronik;Mouse Wireless Pro;Aksesoris Komputer;Gudang Utama (Jakarta);11.075.000;;;
BRG-0412;Terima Barang di Gudang;2025-01-10 06.30.00;Gudang Utama (Jakarta);Mouse Wireless Pro;Aksesoris Komputer;Gudang Utama (Jakarta);;36;;
BRG-0412;Tetapkan Harga Jual;2025-01-11 18.30.00;Admin Penjualan;Mouse Wireless Pro;Aksesoris Komputer;Gudang Utama (Jakarta);;;12.288.000;10,95
BRG-0412;Barang Siap Dijual;2025-01-12 07.30.00;Gudang Utama (Jakarta);Mouse Wireless Pro;Aksesoris Komputer;Gudang Utama (Jakarta);;36;;
BRG-0413;Pesan Barang ke Pemasok;2025-07-23 11.40.00;PT Global Persada;Mouse Wireless Pro;Aksesoris Komputer;Gudang Cabang (Surabaya);7.550.000;;;
BRG-0413;Terima Barang di Gudang;2025-07-27 03.40.00;Gudang Cabang (Surabaya);Mouse Wireless Pro;Aksesoris Komputer;Gudang Cabang (Surabaya);;120;;
BRG-0413;Tetapkan Harga Jual;2025-07-27 16.40.00;Admin Penjualan;Mouse Wireless Pro;Aksesoris Komputer;Gudang Cabang (Surabaya);;;9.649.000;27,80
BRG-0413;Barang Siap Dijual;2025-07-28 07.40.00;Gudang Cabang (Surabaya);Mouse Wireless Pro;Aksesoris Komputer;Gudang Cabang (Surabaya);;120;;
BRG-0414;Pesan Barang ke Pemasok;2025-03-08 19.30.00;PT Andalan Logistik;DVR 16 Channel;Keamanan;Gudang Cabang (Bandung);2.250.000;;;
BRG-0414;Terima Barang di Gudang;2025-03-15 10.30.00;Gudang Cabang (Bandung);DVR 16 Channel;Keamanan;Gudang Cabang (Bandung);;300;;
BRG-0414;Tetapkan Harga Jual;2025-03-15 21.30.00;Admin Penjualan;DVR 16 Channel;Keamanan;Gudang Cabang (Bandung);;;2.660.000;18,24
BRG-0414;Barang Siap Dijual;2025-03-16 00.30.00;Gudang Cabang (Bandung);DVR 16 Channel;Keamanan;Gudang Cabang (Bandung);;300;;
BRG-0415;Pesan Barang ke Pemasok;2025-09-08 13.50.00;CV Maju Bersama;Tablet 10 Inch;Elektronik;Gudang Cabang (Medan);9.175.000;;;
BRG-0415;Terima Barang di Gudang;2025-09-16 02.50.00;Gudang Cabang (Medan);Tablet 10 Inch;Elektronik;Gudang Cabang (Medan);;167;;
BRG-0415;Tetapkan Harga Jual;2025-09-16 20.50.00;Admin Penjualan;Tablet 10 Inch;Elektronik;Gudang Cabang (Medan);;;10.631.000;15,87
BRG-0415;Barang Siap Dijual;2025-09-16 23.50.00;Gudang Cabang (Medan);Tablet 10 Inch;Elektronik;Gudang Cabang (Medan);;167;;
BRG-0416;Pesan Barang ke Pemasok;2025-09-18 01.40.00;CV Sentral Niaga;Mouse Wireless Pro;Aksesoris Komputer;Gudang Cabang (Medan);14.100.000;;;
BRG-0416;Terima Barang di Gudang;2025-09-23 08.40.00;Gudang Cabang (Medan);Mouse Wireless Pro;Aksesoris Komputer;Gudang Cabang (Medan);;273;;
BRG-0416;Tetapkan Harga Jual;2025-09-23 23.40.00;Admin Penjualan;Mouse Wireless Pro;Aksesoris Komputer;Gudang Cabang (Medan);;;15.397.000;9,20
BRG-0416;Barang Siap Dijual;2025-09-24 05.40.00;Gudang Cabang (Medan);Mouse Wireless Pro;Aksesoris Komputer;Gudang Cabang (Medan);;273;;
BRG-0417;Pesan Barang ke Pemasok;2025-11-17 20.10.00;CV Prima Elektronik;Smartphone Pro;Elektronik;Gudang Cabang (Semarang);12.225.000;;;
BRG-0417;Terima Barang di Gudang;2025-11-23 07.10.00;Gudang Cabang (Semarang);Smartphone Pro;Elektronik;Gudang Cabang (Semarang);;349;;
BRG-0417;Tetapkan Harga Jual;2025-11-24 08.10.00;Admin Penjualan;Smartphone Pro;Elektronik;Gudang Cabang (Semarang);;;13.839.000;13,20
BRG-0417;Barang Siap Dijual;2025-11-24 18.10.00;Gudang Cabang (Semarang);Smartphone Pro;Elektronik;Gudang Cabang (Semarang);;349;;
BRG-0418;Pesan Barang ke Pemasok;2025-06-07 22.40.00;PT Global Persada;Tablet 10 Inch;Elektronik;Gudang Cabang (Bandung);2.525.000;;;
BRG-0418;Terima Barang di Gudang;2025-06-15 23.40.00;Gudang Cabang (Bandung);Tablet 10 Inch;Elektronik;Gudang Cabang (Bandung);;24;;
BRG-0418;Tetapkan Harga Jual;2025-06-16 21.40.00;Admin Penjualan;Tablet 10 Inch;Elektronik;Gudang Cabang (Bandung);;;2.769.000;9,66
BRG-0418;Barang Siap Dijual;2025-06-17 00.40.00;Gudang Cabang (Bandung);Tablet 10 Inch;Elektronik;Gudang Cabang (Bandung);;24;;
BRG-0419;Pesan Barang ke Pemasok;2025-10-03 15.40.00;CV Berkah Komputer;Monitor LED 24 Inch;Elektronik;Gudang Cabang (Semarang);10.275.000;;;
BRG-0419;Terima Barang di Gudang;2025-10-11 18.40.00;Gudang Cabang (Semarang);Monitor LED 24 Inch;Elektronik;Gudang Cabang (Semarang);;257;;
BRG-0419;Tetapkan Harga Jual;2025-10-12 10.40.00;Admin Penjualan;Monitor LED 24 Inch;Elektronik;Gudang Cabang (Semarang);;;12.845.000;25,01
BRG-0419;Barang Siap Dijual;2025-10-12 13.40.00;Gudang Cabang (Semarang);Monitor LED 24 Inch;Elektronik;Gudang Cabang (Semarang);;257;;
BRG-0420;Pesan Barang ke Pemasok;2025-09-14 11.40.00;PT Nusantara Digital;Air Purifier;Peralatan Rumah Tangga;Gudang Utama (Jakarta);14.900.000;;;
BRG-0420;Terima Barang di Gudang;2025-09-15 16.40.00;Gudang Utama (Jakarta);Air Purifier;Peralatan Rumah Tangga;Gudang Utama (Jakarta);;296;;
BRG-0420;Tetapkan Harga Jual;2025-09-16 23.40.00;Admin Penjualan;Air Purifier;Peralatan Rumah Tangga;Gudang Utama (Jakarta);;;16.244.000;9,02
BRG-0420;Barang Siap Dijual;2025-09-17 04.40.00;Gudang Utama (Jakarta);Air Purifier;Peralatan Rumah Tangga;Gudang Utama (Jakarta);;296;;
BRG-0421;Pesan Barang ke Pemasok;2025-04-13 21.10.00;PT Nusantara Digital;Router AX3000;Peralatan Jaringan;Gudang Cabang (Makassar);2.725.000;;;
BRG-0421;Terima Barang di Gudang;2025-04-20 13.10.00;Gudang Cabang (Makassar);Router AX3000;Peralatan Jaringan;Gudang Cabang (Makassar);;30;;
BRG-0421;Tetapkan Harga Jual;2025-04-22 12.10.00;Admin Penjualan;Router AX3000;Peralatan Jaringan;Gudang Cabang (Makassar);;;3.549.000;30,25
BRG-0421;Barang Siap Dijual;2025-04-23 01.10.00;Gudang Cabang (Makassar);Router AX3000;Peralatan Jaringan;Gudang Cabang (Makassar);;30;;
BRG-0422;Pesan Barang ke Pemasok;2025-09-25 16.40.00;CV Mitra Jaya;Laptop Gaming X15;Elektronik;Gudang Utama (Jakarta);2.825.000;;;
BRG-0422;Terima Barang di Gudang;2025-10-04 03.40.00;Gudang Utama (Jakarta);Laptop Gaming X15;Elektronik;Gudang Utama (Jakarta);;67;;
BRG-0422;Tetapkan Harga Jual;2025-10-05 18.40.00;Admin Penjualan;Laptop Gaming X15;Elektronik;Gudang Utama (Jakarta);;;3.415.000;20,89
BRG-0422;Barang Siap Dijual;2025-10-06 07.40.00;Gudang Utama (Jakarta);Laptop Gaming X15;Elektronik;Gudang Utama (Jakarta);;67;;
BRG-0423;Pesan Barang ke Pemasok;2025-02-26 02.10.00;CV Maju Bersama;Air Purifier;Peralatan Rumah Tangga;Gudang Cabang (Semarang);6.775.000;;;
BRG-0423;Terima Barang di Gudang;2025-03-03 10.10.00;Gudang Cabang (Semarang);Air Purifier;Peralatan Rumah Tangga;Gudang Cabang (Semarang);;41;;
BRG-0423;Tetapkan Harga Jual;2025-03-03 14.10.00;Admin Penjualan;Air Purifier;Peralatan Rumah Tangga;Gudang Cabang (Semarang);;;7.634.000;12,68
BRG-0423;Barang Siap Dijual;2025-03-04 07.10.00;Gudang Cabang (Semarang);Air Purifier;Peralatan Rumah Tangga;Gudang Cabang (Semarang);;41;;
BRG-0424;Pesan Barang ke Pemasok;2025-12-08 15.10.00;PT Cipta Sarana;Smart TV 43 Inch;Elektronik;Gudang Cabang (Medan);12.950.000;;;
BRG-0424;Terima Barang di Gudang;2025-12-16 19.10.00;Gudang Cabang (Medan);Smart TV 43 Inch;Elektronik;Gudang Cabang (Medan);;282;;
BRG-0424;Tetapkan Harga Jual;2025-12-16 23.10.00;Admin Penjualan;Smart TV 43 Inch;Elektronik;Gudang Cabang (Medan);;;15.056.000;16,26
BRG-0424;Barang Siap Dijual;2025-12-17 10.10.00;Gudang Cabang (Medan);Smart TV 43 Inch;Elektronik;Gudang Cabang (Medan);;282;;
BRG-0425;Pesan Barang ke Pemasok;2025-07-31 13.50.00;PT Andalan Logistik;Power Bank 20000mAh;Aksesoris Elektronik;Gudang Utama (Jakarta);14.650.000;;;
BRG-0425;Terima Barang di Gudang;2025-08-08 03.50.00;Gudang Utama (Jakarta);Power Bank 20000mAh;Aksesoris Elektronik;Gudang Utama (Jakarta);;35;;
BRG-0425;Tetapkan Harga Jual;2025-08-09 03.50.00;Admin Penjualan;Power Bank 20000mAh;Aksesoris Elektronik;Gudang Utama (Jakarta);;;17.508.000;19,51
BRG-0425;Barang Siap Dijual;2025-08-09 11.50.00;Gudang Utama (Jakarta);Power Bank 20000mAh;Aksesoris Elektronik;Gudang Utama (Jakarta);;35;;
BRG-0426;Pesan Barang ke Pemasok;2025-03-14 16.50.00;CV Mitra Jaya;Mesin Kopi Otomatis;Peralatan Rumah Tangga;Gudang Cabang (Bandung);9.850.000;;;
BRG-0426;Terima Barang di Gudang;2025-03-23 05.50.00;Gudang Cabang (Bandung);Mesin Kopi Otomatis;Peralatan Rumah Tangga;Gudang Cabang (Bandung);;119;;
BRG-0426;Tetapkan Harga Jual;2025-03-24 08.50.00;Admin Penjualan;Mesin Kopi Otomatis;Peralatan Rumah Tangga;Gudang Cabang (Bandung);;;12.238.000;24,24
BRG-0426;Barang Siap Dijual;2025-03-24 15.50.00;Gudang Cabang (Bandung);Mesin Kopi Otomatis;Peralatan Rumah Tangga;Gudang Cabang (Bandung);;119;;
BRG-0427;Pesan Barang ke Pemasok;2025-11-27 01.10.00;CV Maju Bersama;Air Purifier;Peralatan Rumah Tangga;Gudang Cabang (Semarang);9.900.000;;;
BRG-0427;Terima Barang di Gudang;2025-12-03 13.10.00;Gudang Cabang (Semarang);Air Purifier;Peralatan Rumah Tangga;Gudang Cabang (Semarang);;291;;
BRG-0427;Tetapkan Harga Jual;2025-12-04 10.10.00;Admin Penjualan;Air Purifier;Peralatan Rumah Tangga;Gudang Cabang (Semarang);;;10.986.000;10,97
BRG-0427;Barang Siap Dijual;2025-12-04 15.10.00;Gudang Cabang (Semarang);Air Purifier;Peralatan Rumah Tangga;Gudang Cabang (Semarang);;291;;
BRG-0428;Pesan Barang ke Pemasok;2025-07-02 18.30.00;CV Berkah Komputer;Laptop Gaming X15;Elektronik;Gudang Cabang (Medan);3.425.000;;;
BRG-0428;Terima Barang di Gudang;2025-07-09 02.30.00;Gudang Cabang (Medan);Laptop Gaming X15;Elektronik;Gudang Cabang (Medan);;183;;
BRG-0428;Tetapkan Harga Jual;2025-07-11 02.30.00;Admin Penjualan;Laptop Gaming X15;Elektronik;Gudang Cabang (Medan);;;3.993.000;16,57
BRG-0428;Barang Siap Dijual;2025-07-11 06.30.00;Gudang Cabang (Medan);Laptop Gaming X15;Elektronik;Gudang Cabang (Medan);;183;;
BRG-0429;Pesan Barang ke Pemasok;2025-02-14 21.10.00;PT Global Persada;Smartphone Pro;Elektronik;Gudang Cabang (Makassar);2.050.000;;;
BRG-0429;Terima Barang di Gudang;2025-02-22 06.10.00;Gudang Cabang (Makassar);Smartphone Pro;Elektronik;Gudang Cabang (Makassar);;297;;
BRG-0429;Tetapkan Harga Jual;2025-02-23 07.10.00;Admin Penjualan;Smartphone Pro;Elektronik;Gudang Cabang (Makassar);;;2.704.000;31,90
BRG-0429;Barang Siap Dijual;2025-02-23 13.10.00;Gudang Cabang (Makassar);Smartphone Pro;Elektronik;Gudang Cabang (Makassar);;297;;
BRG-0430;Pesan Barang ke Pemasok;2025-08-21 16.40.00;PT Cipta Sarana;Speaker Bluetooth;Elektronik;Gudang Cabang (Makassar);2.800.000;;;
BRG-0430;Terima Barang di Gudang;2025-08-23 02.40.00;Gudang Cabang (Makassar);Speaker Bluetooth;Elektronik;Gudang Cabang (Makassar);;221;;
BRG-0430;Tetapkan Harga Jual;2025-08-24 19.40.00;Admin Penjualan;Speaker Bluetooth;Elektronik;Gudang Cabang (Makassar);;;3.280.000;17,14
BRG-0430;Barang Siap Dijual;2025-08-25 13.40.00;Gudang Cabang (Makassar);Speaker Bluetooth;Elektronik;Gudang Cabang (Makassar);;221;;
BRG-0431;Pesan Barang ke Pemasok;2025-08-07 03.20.00;PT Global Persada;Laptop Gaming X15;Elektronik;Gudang Cabang (Bandung);6.550.000;;;
BRG-0431;Terima Barang di Gudang;2025-08-12 15.20.00;Gudang Cabang (Bandung);Laptop Gaming X15;Elektronik;Gudang Cabang (Bandung);;131;;
BRG-0431;Tetapkan Harga Jual;2025-08-14 10.20.00;Admin Penjualan;Laptop Gaming X15;Elektronik;Gudang Cabang (Bandung);;;7.781.000;18,79
BRG-0431;Barang Siap Dijual;2025-08-15 01.20.00;Gudang Cabang (Bandung);Laptop Gaming X15;Elektronik;Gudang Cabang (Bandung);;131;;
BRG-0432;Pesan Barang ke Pemasok;2025-03-22 22.00.00;CV Berkah Komputer;Access Point WiFi 6;Peralatan Jaringan;Gudang Cabang (Makassar);3.575.000;;;
BRG-0432;Terima Barang di Gudang;2025-03-25 01.00.00;Gudang Cabang (Makassar);Access Point WiFi 6;Peralatan Jaringan;Gudang Cabang (Makassar);;310;;
BRG-0432;Tetapkan Harga Jual;2025-03-25 17.00.00;Admin Penjualan;Access Point WiFi 6;Peralatan Jaringan;Gudang Cabang (Makassar);;;4.516.000;26,32
BRG-0432;Barang Siap Dijual;2025-03-26 02.00.00;Gudang Cabang (Makassar);Access Point WiFi 6;Peralatan Jaringan;Gudang Cabang (Makassar);;310;;
BRG-0433;Pesan Barang ke Pemasok;2025-04-18 02.30.00;PT Global Persada;Scanner Dokumen A4;Peralatan Kantor;Gudang Cabang (Bandung);6.600.000;;;
BRG-0433;Terima Barang di Gudang;2025-04-24 18.30.00;Gudang Cabang (Bandung);Scanner Dokumen A4;Peralatan Kantor;Gudang Cabang (Bandung);;173;;
BRG-0433;Tetapkan Harga Jual;2025-04-26 18.30.00;Admin Penjualan;Scanner Dokumen A4;Peralatan Kantor;Gudang Cabang (Bandung);;;8.155.000;23,56
BRG-0433;Barang Siap Dijual;2025-04-26 23.30.00;Gudang Cabang (Bandung);Scanner Dokumen A4;Peralatan Kantor;Gudang Cabang (Bandung);;173;;
BRG-0434;Pesan Barang ke Pemasok;2025-02-12 21.00.00;PT Cipta Sarana;Monitor LED 24 Inch;Elektronik;Gudang Cabang (Semarang);3.575.000;;;
BRG-0434;Terima Barang di Gudang;2025-02-17 11.00.00;Gudang Cabang (Semarang);Monitor LED 24 Inch;Elektronik;Gudang Cabang (Semarang);;168;;
BRG-0434;Tetapkan Harga Jual;2025-02-19 11.00.00;Admin Penjualan;Monitor LED 24 Inch;Elektronik;Gudang Cabang (Semarang);;;4.679.000;30,87
BRG-0434;Barang Siap Dijual;2025-02-20 02.00.00;Gudang Cabang (Semarang);Monitor LED 24 Inch;Elektronik;Gudang Cabang (Semarang);;168;;
BRG-0435;Pesan Barang ke Pemasok;2025-05-19 16.10.00;PT Cipta Sarana;Power Bank 20000mAh;Aksesoris Elektronik;Gudang Cabang (Semarang);11.325.000;;;
BRG-0435;Terima Barang di Gudang;2025-05-21 08.10.00;Gudang Cabang (Semarang);Power Bank 20000mAh;Aksesoris Elektronik;Gudang Cabang (Semarang);;115;;
BRG-0435;Tetapkan Harga Jual;2025-05-21 12.10.00;Admin Penjualan;Power Bank 20000mAh;Aksesoris Elektronik;Gudang Cabang (Semarang);;;12.989.000;14,69
BRG-0435;Barang Siap Dijual;2025-05-22 01.10.00;Gudang Cabang (Semarang);Power Bank 20000mAh;Aksesoris Elektronik;Gudang Cabang (Semarang);;115;;
BRG-0436;Pesan Barang ke Pemasok;2025-10-29 14.30.00;PT Global Persada;Kulkas 2 Pintu;Peralatan Rumah Tangga;Gudang Cabang (Bandung);6.925.000;;;
BRG-0436;Terima Barang di Gudang;2025-10-31 16.30.00;Gudang Cabang (Bandung);Kulkas 2 Pintu;Peralatan Rumah Tangga;Gudang Cabang (Bandung);;149;;
BRG-0436;Tetapkan Harga Jual;2025-11-01 09.30.00;Admin Penjualan;Kulkas 2 Pintu;Peralatan Rumah Tangga;Gudang Cabang (Bandung);;;8.361.000;20,73
BRG-0436;Barang Siap Dijual;2025-11-01 13.30.00;Gudang Cabang (Bandung);Kulkas 2 Pintu;Peralatan Rumah Tangga;Gudang Cabang (Bandung);;149;;
BRG-0437;Pesan Barang ke Pemasok;2025-06-23 19.30.00;CV Sentral Niaga;Smart TV 43 Inch;Elektronik;Gudang Cabang (Medan);11.275.000;;;
BRG-0437;Terima Barang di Gudang;2025-06-29 21.30.00;Gudang Cabang (Medan);Smart TV 43 Inch;Elektronik;Gudang Cabang (Medan);;62;;
BRG-0437;Tetapkan Harga Jual;2025-06-30 15.30.00;Admin Penjualan;Smart TV 43 Inch;Elektronik;Gudang Cabang (Medan);;;12.661.000;12,29
BRG-0437;Barang Siap Dijual;2025-06-30 19.30.00;Gudang Cabang (Medan);Smart TV 43 Inch;Elektronik;Gudang Cabang (Medan);;62;;
BRG-0438;Pesan Barang ke Pemasok;2025-04-29 05.20.00;PT Global Persada;Monitor LED 24 Inch;Elektronik;Gudang Cabang (Surabaya);12.175.000;;;
BRG-0438;Terima Barang di Gudang;2025-04-30 13.20.00;Gudang Cabang (Surabaya);Monitor LED 24 Inch;Elektronik;Gudang Cabang (Surabaya);;258;;
BRG-0438;Tetapkan Harga Jual;2025-05-01 19.20.00;Admin Penjualan;Monitor LED 24 Inch;Elektronik;Gudang Cabang (Surabaya);;;15.988.000;31,32
BRG-0438;Barang Siap Dijual;2025-05-02 05.20.00;Gudang Cabang (Surabaya);Monitor LED 24 Inch;Elektronik;Gudang Cabang (Surabaya);;258;;
BRG-0439;Pesan Barang ke Pemasok;2025-05-23 02.00.00;CV Mitra Jaya;Scanner Dokumen A4;Peralatan Kantor;Gudang Cabang (Bandung);2.600.000;;;
BRG-0439;Terima Barang di Gudang;2025-05-28 08.00.00;Gudang Cabang (Bandung);Scanner Dokumen A4;Peralatan Kantor;Gudang Cabang (Bandung);;108;;
BRG-0439;Tetapkan Harga Jual;2025-05-28 14.00.00;Admin Penjualan;Scanner Dokumen A4;Peralatan Kantor;Gudang Cabang (Bandung);;;2.997.000;15,28
BRG-0439;Barang Siap Dijual;2025-05-29 06.00.00;Gudang Cabang (Bandung);Scanner Dokumen A4;Peralatan Kantor;Gudang Cabang (Bandung);;108;;
BRG-0440;Pesan Barang ke Pemasok;2025-12-25 11.10.00;PT Cipta Sarana;Power Bank 20000mAh;Aksesoris Elektronik;Gudang Utama (Jakarta);550.000;;;
BRG-0440;Terima Barang di Gudang;2026-01-02 00.10.00;Gudang Utama (Jakarta);Power Bank 20000mAh;Aksesoris Elektronik;Gudang Utama (Jakarta);;281;;
BRG-0440;Tetapkan Harga Jual;2026-01-03 03.10.00;Admin Penjualan;Power Bank 20000mAh;Aksesoris Elektronik;Gudang Utama (Jakarta);;;722.000;31,21
BRG-0440;Barang Siap Dijual;2026-01-03 05.10.00;Gudang Utama (Jakarta);Power Bank 20000mAh;Aksesoris Elektronik;Gudang Utama (Jakarta);;281;;
BRG-0441;Pesan Barang ke Pemasok;2025-08-27 14.20.00;PT Cipta Sarana;Keyboard Mechanical RGB;Aksesoris Komputer;Gudang Cabang (Surabaya);6.275.000;;;
BRG-0441;Terima Barang di Gudang;2025-09-03 18.20.00;Gudang Cabang (Surabaya);Keyboard Mechanical RGB;Aksesoris Komputer;Gudang Cabang (Surabaya);;281;;
BRG-0441;Tetapkan Harga Jual;2025-09-05 00.20.00;Admin Penjualan;Keyboard Mechanical RGB;Aksesoris Komputer;Gudang Cabang (Surabaya);;;7.381.000;17,63
BRG-0441;Barang Siap Dijual;2025-09-05 17.20.00;Gudang Cabang (Surabaya);Keyboard Mechanical RGB;Aksesoris Komputer;Gudang Cabang (Surabaya);;281;;
BRG-0442;Pesan Barang ke Pemasok;2025-03-19 17.50.00;PT Global Persada;Speaker Bluetooth;Elektronik;Gudang Cabang (Semarang);9.300.000;;;
BRG-0442;Terima Barang di Gudang;2025-03-22 23.50.00;Gudang Cabang (Semarang);Speaker Bluetooth;Elektronik;Gudang Cabang (Semarang);;96;;
BRG-0442;Tetapkan Harga Jual;2025-03-24 03.50.00;Admin Penjualan;Speaker Bluetooth;Elektronik;Gudang Cabang (Semarang);;;11.832.000;27,23
BRG-0442;Barang Siap Dijual;2025-03-24 18.50.00;Gudang Cabang (Semarang);Speaker Bluetooth;Elektronik;Gudang Cabang (Semarang);;96;;
BRG-0443;Pesan Barang ke Pemasok;2025-07-31 06.10.00;CV Sentral Niaga;Speaker Bluetooth;Elektronik;Gudang Cabang (Semarang);7.500.000;;;
BRG-0443;Terima Barang di Gudang;2025-08-03 15.10.00;Gudang Cabang (Semarang);Speaker Bluetooth;Elektronik;Gudang Cabang (Semarang);;191;;
BRG-0443;Tetapkan Harga Jual;2025-08-04 03.10.00;Admin Penjualan;Speaker Bluetooth;Elektronik;Gudang Cabang (Semarang);;;9.872.000;31,62
BRG-0443;Barang Siap Dijual;2025-08-04 08.10.00;Gudang Cabang (Semarang);Speaker Bluetooth;Elektronik;Gudang Cabang (Semarang);;191;;
BRG-0444;Pesan Barang ke Pemasok;2025-05-12 15.30.00;CV Berkah Komputer;Mouse Wireless Pro;Aksesoris Komputer;Gudang Cabang (Medan);7.300.000;;;
BRG-0444;Terima Barang di Gudang;2025-05-21 01.30.00;Gudang Cabang (Medan);Mouse Wireless Pro;Aksesoris Komputer;Gudang Cabang (Medan);;136;;
BRG-0444;Tetapkan Harga Jual;2025-05-22 13.30.00;Admin Penjualan;Mouse Wireless Pro;Aksesoris Komputer;Gudang Cabang (Medan);;;8.508.000;16,55
BRG-0444;Barang Siap Dijual;2025-05-23 00.30.00;Gudang Cabang (Medan);Mouse Wireless Pro;Aksesoris Komputer;Gudang Cabang (Medan);;136;;
BRG-0445;Pesan Barang ke Pemasok;2025-06-30 02.30.00;PT Cipta Sarana;Smartphone Pro;Elektronik;Gudang Cabang (Semarang);11.450.000;;;
BRG-0445;Terima Barang di Gudang;2025-07-04 03.30.00;Gudang Cabang (Semarang);Smartphone Pro;Elektronik;Gudang Cabang (Semarang);;177;;
BRG-0445;Tetapkan Harga Jual;2025-07-05 18.30.00;Admin Penjualan;Smartphone Pro;Elektronik;Gudang Cabang (Semarang);;;13.434.000;17,33
BRG-0445;Barang Siap Dijual;2025-07-05 23.30.00;Gudang Cabang (Semarang);Smartphone Pro;Elektronik;Gudang Cabang (Semarang);;177;;
BRG-0446;Pesan Barang ke Pemasok;2025-02-28 00.20.00;PT Andalan Logistik;Air Purifier;Peralatan Rumah Tangga;Gudang Cabang (Medan);14.550.000;;;
BRG-0446;Terima Barang di Gudang;2025-03-08 15.20.00;Gudang Cabang (Medan);Air Purifier;Peralatan Rumah Tangga;Gudang Cabang (Medan);;216;;
BRG-0446;Tetapkan Harga Jual;2025-03-09 14.20.00;Admin Penjualan;Air Purifier;Peralatan Rumah Tangga;Gudang Cabang (Medan);;;18.253.000;25,45
BRG-0446;Barang Siap Dijual;2025-03-10 06.20.00;Gudang Cabang (Medan);Air Purifier;Peralatan Rumah Tangga;Gudang Cabang (Medan);;216;;
BRG-0447;Pesan Barang ke Pemasok;2025-10-26 07.40.00;PT Cipta Sarana;Switch 24 Port;Peralatan Jaringan;Gudang Utama (Jakarta);12.700.000;;;
BRG-0447;Terima Barang di Gudang;2025-10-29 20.40.00;Gudang Utama (Jakarta);Switch 24 Port;Peralatan Jaringan;Gudang Utama (Jakarta);;222;;
BRG-0447;Tetapkan Harga Jual;2025-10-30 10.40.00;Admin Penjualan;Switch 24 Port;Peralatan Jaringan;Gudang Utama (Jakarta);;;15.401.000;21,27
BRG-0447;Barang Siap Dijual;2025-10-30 20.40.00;Gudang Utama (Jakarta);Switch 24 Port;Peralatan Jaringan;Gudang Utama (Jakarta);;222;;
BRG-0448;Pesan Barang ke Pemasok;2025-10-26 16.10.00;CV Berkah Komputer;Tablet 10 Inch;Elektronik;Gudang Cabang (Surabaya);10.425.000;;;
BRG-0448;Terima Barang di Gudang;2025-10-28 03.10.00;Gudang Cabang (Surabaya);Tablet 10 Inch;Elektronik;Gudang Cabang (Surabaya);;34;;
BRG-0448;Tetapkan Harga Jual;2025-10-28 23.10.00;Admin Penjualan;Tablet 10 Inch;Elektronik;Gudang Cabang (Surabaya);;;12.540.000;20,29
BRG-0448;Barang Siap Dijual;2025-10-29 03.10.00;Gudang Cabang (Surabaya);Tablet 10 Inch;Elektronik;Gudang Cabang (Surabaya);;34;;
BRG-0449;Pesan Barang ke Pemasok;2025-11-08 22.00.00;CV Sentral Niaga;UPS 1200VA;Peralatan Listrik;Gudang Cabang (Semarang);12.175.000;;;
BRG-0449;Terima Barang di Gudang;2025-11-16 15.00.00;Gudang Cabang (Semarang);UPS 1200VA;Peralatan Listrik;Gudang Cabang (Semarang);;148;;
BRG-0449;Tetapkan Harga Jual;2025-11-18 03.00.00;Admin Penjualan;UPS 1200VA;Peralatan Listrik;Gudang Cabang (Semarang);;;15.438.000;26,80
BRG-0449;Barang Siap Dijual;2025-11-18 05.00.00;Gudang Cabang (Semarang);UPS 1200VA;Peralatan Listrik;Gudang Cabang (Semarang);;148;;
BRG-0450;Pesan Barang ke Pemasok;2025-01-31 11.30.00;PT Nusantara Digital;Keyboard Mechanical RGB;Aksesoris Komputer;Gudang Cabang (Medan);500.000;;;
BRG-0450;Terima Barang di Gudang;2025-02-03 22.30.00;Gudang Cabang (Medan);Keyboard Mechanical RGB;Aksesoris Komputer;Gudang Cabang (Medan);;178;;
BRG-0450;Tetapkan Harga Jual;2025-02-05 09.30.00;Admin Penjualan;Keyboard Mechanical RGB;Aksesoris Komputer;Gudang Cabang (Medan);;;617.000;23,39
BRG-0450;Barang Siap Dijual;2025-02-06 00.30.00;Gudang Cabang (Medan);Keyboard Mechanical RGB;Aksesoris Komputer;Gudang Cabang (Medan);;178;;
BRG-0451;Pesan Barang ke Pemasok;2025-02-18 20.20.00;PT Cipta Sarana;Monitor LED 24 Inch;Elektronik;Gudang Utama (Jakarta);8.500.000;;;
BRG-0451;Terima Barang di Gudang;2025-02-23 13.20.00;Gudang Utama (Jakarta);Monitor LED 24 Inch;Elektronik;Gudang Utama (Jakarta);;181;;
BRG-0451;Tetapkan Harga Jual;2025-02-25 05.20.00;Admin Penjualan;Monitor LED 24 Inch;Elektronik;Gudang Utama (Jakarta);;;9.742.000;14,61
BRG-0451;Barang Siap Dijual;2025-02-25 11.20.00;Gudang Utama (Jakarta);Monitor LED 24 Inch;Elektronik;Gudang Utama (Jakarta);;181;;
BRG-0452;Pesan Barang ke Pemasok;2025-10-10 04.40.00;CV Prima Elektronik;Kamera CCTV 4MP;Keamanan;Gudang Utama (Jakarta);6.625.000;;;
BRG-0452;Terima Barang di Gudang;2025-10-17 08.40.00;Gudang Utama (Jakarta);Kamera CCTV 4MP;Keamanan;Gudang Utama (Jakarta);;307;;
BRG-0452;Tetapkan Harga Jual;2025-10-19 05.40.00;Admin Penjualan;Kamera CCTV 4MP;Keamanan;Gudang Utama (Jakarta);;;8.336.000;25,83
BRG-0452;Barang Siap Dijual;2025-10-19 20.40.00;Gudang Utama (Jakarta);Kamera CCTV 4MP;Keamanan;Gudang Utama (Jakarta);;307;;
BRG-0453;Pesan Barang ke Pemasok;2025-08-10 03.50.00;PT Sinar Teknologi;Laptop Gaming X15;Elektronik;Gudang Cabang (Medan);1.825.000;;;
BRG-0453;Terima Barang di Gudang;2025-08-17 12.50.00;Gudang Cabang (Medan);Laptop Gaming X15;Elektronik;Gudang Cabang (Medan);;280;;
BRG-0453;Tetapkan Harga Jual;2025-08-19 04.50.00;Admin Penjualan;Laptop Gaming X15;Elektronik;Gudang Cabang (Medan);;;2.223.000;21,80
BRG-0453;Barang Siap Dijual;2025-08-19 09.50.00;Gudang Cabang (Medan);Laptop Gaming X15;Elektronik;Gudang Cabang (Medan);;280;;
BRG-0454;Pesan Barang ke Pemasok;2025-02-25 20.50.00;PT Andalan Logistik;Mesin Kopi Otomatis;Peralatan Rumah Tangga;Gudang Cabang (Semarang);1.225.000;;;
BRG-0454;Terima Barang di Gudang;2025-03-04 08.50.00;Gudang Cabang (Semarang);Mesin Kopi Otomatis;Peralatan Rumah Tangga;Gudang Cabang (Semarang);;248;;
BRG-0454;Tetapkan Harga Jual;2025-03-05 21.50.00;Admin Penjualan;Mesin Kopi Otomatis;Peralatan Rumah Tangga;Gudang Cabang (Semarang);;;1.506.000;22,95
BRG-0454;Barang Siap Dijual;2025-03-06 01.50.00;Gudang Cabang (Semarang);Mesin Kopi Otomatis;Peralatan Rumah Tangga;Gudang Cabang (Semarang);;248;;
BRG-0455;Pesan Barang ke Pemasok;2025-05-21 07.40.00;CV Prima Elektronik;Access Point WiFi 6;Peralatan Jaringan;Gudang Cabang (Makassar);4.500.000;;;
BRG-0455;Terima Barang di Gudang;2025-05-30 00.40.00;Gudang Cabang (Makassar);Access Point WiFi 6;Peralatan Jaringan;Gudang Cabang (Makassar);;71;;
BRG-0455;Tetapkan Harga Jual;2025-05-30 08.40.00;Admin Penjualan;Access Point WiFi 6;Peralatan Jaringan;Gudang Cabang (Makassar);;;5.905.000;31,23
BRG-0455;Barang Siap Dijual;2025-05-30 18.40.00;Gudang Cabang (Makassar);Access Point WiFi 6;Peralatan Jaringan;Gudang Cabang (Makassar);;71;;
BRG-0456;Pesan Barang ke Pemasok;2025-11-24 14.50.00;PT Cipta Sarana;Kamera CCTV 4MP;Keamanan;Gudang Cabang (Medan);11.725.000;;;
BRG-0456;Terima Barang di Gudang;2025-11-27 06.50.00;Gudang Cabang (Medan);Kamera CCTV 4MP;Keamanan;Gudang Cabang (Medan);;146;;
BRG-0456;Tetapkan Harga Jual;2025-11-27 08.50.00;Admin Penjualan;Kamera CCTV 4MP;Keamanan;Gudang Cabang (Medan);;;14.185.000;20,98
BRG-0456;Barang Siap Dijual;2025-11-27 18.50.00;Gudang Cabang (Medan);Kamera CCTV 4MP;Keamanan;Gudang Cabang (Medan);;146;;
BRG-0457;Pesan Barang ke Pemasok;2025-10-12 12.40.00;CV Sentral Niaga;Access Point WiFi 6;Peralatan Jaringan;Gudang Cabang (Medan);2.300.000;;;
BRG-0457;Terima Barang di Gudang;2025-10-17 04.40.00;Gudang Cabang (Medan);Access Point WiFi 6;Peralatan Jaringan;Gudang Cabang (Medan);;170;;
BRG-0457;Tetapkan Harga Jual;2025-10-17 08.40.00;Admin Penjualan;Access Point WiFi 6;Peralatan Jaringan;Gudang Cabang (Medan);;;2.902.000;26,16
BRG-0457;Barang Siap Dijual;2025-10-17 13.40.00;Gudang Cabang (Medan);Access Point WiFi 6;Peralatan Jaringan;Gudang Cabang (Medan);;170;;
BRG-0458;Pesan Barang ke Pemasok;2025-09-03 11.20.00;PT Sinar Teknologi;Monitor LED 24 Inch;Elektronik;Gudang Cabang (Makassar);6.350.000;;;
BRG-0458;Terima Barang di Gudang;2025-09-05 17.20.00;Gudang Cabang (Makassar);Monitor LED 24 Inch;Elektronik;Gudang Cabang (Makassar);;163;;
BRG-0458;Tetapkan Harga Jual;2025-09-07 08.20.00;Admin Penjualan;Monitor LED 24 Inch;Elektronik;Gudang Cabang (Makassar);;;7.546.000;18,84
BRG-0458;Barang Siap Dijual;2025-09-07 17.20.00;Gudang Cabang (Makassar);Monitor LED 24 Inch;Elektronik;Gudang Cabang (Makassar);;163;;
BRG-0459;Pesan Barang ke Pemasok;2025-10-21 22.30.00;PT Global Persada;Laptop Gaming X15;Elektronik;Gudang Cabang (Bandung);14.400.000;;;
BRG-0459;Terima Barang di Gudang;2025-10-25 04.30.00;Gudang Cabang (Bandung);Laptop Gaming X15;Elektronik;Gudang Cabang (Bandung);;214;;
BRG-0459;Tetapkan Harga Jual;2025-10-26 02.30.00;Admin Penjualan;Laptop Gaming X15;Elektronik;Gudang Cabang (Bandung);;;16.338.000;13,46
BRG-0459;Barang Siap Dijual;2025-10-26 14.30.00;Gudang Cabang (Bandung);Laptop Gaming X15;Elektronik;Gudang Cabang (Bandung);;214;;
BRG-0460;Pesan Barang ke Pemasok;2025-10-14 08.10.00;CV Maju Bersama;Switch 24 Port;Peralatan Jaringan;Gudang Cabang (Semarang);9.875.000;;;
BRG-0460;Terima Barang di Gudang;2025-10-22 21.10.00;Gudang Cabang (Semarang);Switch 24 Port;Peralatan Jaringan;Gudang Cabang (Semarang);;64;;
BRG-0460;Tetapkan Harga Jual;2025-10-24 06.10.00;Admin Penjualan;Switch 24 Port;Peralatan Jaringan;Gudang Cabang (Semarang);;;11.493.000;16,38
BRG-0460;Barang Siap Dijual;2025-10-24 09.10.00;Gudang Cabang (Semarang);Switch 24 Port;Peralatan Jaringan;Gudang Cabang (Semarang);;64;;
BRG-0461;Pesan Barang ke Pemasok;2025-09-20 13.00.00;CV Prima Elektronik;DVR 16 Channel;Keamanan;Gudang Cabang (Surabaya);400.000;;;
BRG-0461;Terima Barang di Gudang;2025-09-21 22.00.00;Gudang Cabang (Surabaya);DVR 16 Channel;Keamanan;Gudang Cabang (Surabaya);;306;;
BRG-0461;Tetapkan Harga Jual;2025-09-22 20.00.00;Admin Penjualan;DVR 16 Channel;Keamanan;Gudang Cabang (Surabaya);;;487.000;21,75
BRG-0461;Barang Siap Dijual;2025-09-23 04.00.00;Gudang Cabang (Surabaya);DVR 16 Channel;Keamanan;Gudang Cabang (Surabaya);;306;;
BRG-0462;Pesan Barang ke Pemasok;2025-11-24 08.00.00;PT Cipta Sarana;Switch 24 Port;Peralatan Jaringan;Gudang Cabang (Semarang);275.000;;;
BRG-0462;Terima Barang di Gudang;2025-12-01 17.00.00;Gudang Cabang (Semarang);Switch 24 Port;Peralatan Jaringan;Gudang Cabang (Semarang);;340;;
BRG-0462;Tetapkan Harga Jual;2025-12-01 22.00.00;Admin Penjualan;Switch 24 Port;Peralatan Jaringan;Gudang Cabang (Semarang);;;353.000;28,39
BRG-0462;Barang Siap Dijual;2025-12-02 14.00.00;Gudang Cabang (Semarang);Switch 24 Port;Peralatan Jaringan;Gudang Cabang (Semarang);;340;;
BRG-0463;Pesan Barang ke Pemasok;2025-01-25 18.00.00;PT Cipta Sarana;Kulkas 2 Pintu;Peralatan Rumah Tangga;Gudang Cabang (Bandung);1.525.000;;;
BRG-0463;Terima Barang di Gudang;2025-01-30 19.00.00;Gudang Cabang (Bandung);Kulkas 2 Pintu;Peralatan Rumah Tangga;Gudang Cabang (Bandung);;128;;
BRG-0463;Tetapkan Harga Jual;2025-01-31 02.00.00;Admin Penjualan;Kulkas 2 Pintu;Peralatan Rumah Tangga;Gudang Cabang (Bandung);;;1.917.000;25,69
BRG-0463;Barang Siap Dijual;2025-01-31 16.00.00;Gudang Cabang (Bandung);Kulkas 2 Pintu;Peralatan Rumah Tangga;Gudang Cabang (Bandung);;128;;
BRG-0464;Pesan Barang ke Pemasok;2025-03-03 05.20.00;PT Global Persada;Kamera CCTV 4MP;Keamanan;Gudang Utama (Jakarta);14.275.000;;;
BRG-0464;Terima Barang di Gudang;2025-03-09 21.20.00;Gudang Utama (Jakarta);Kamera CCTV 4MP;Keamanan;Gudang Utama (Jakarta);;78;;
BRG-0464;Tetapkan Harga Jual;2025-03-11 08.20.00;Admin Penjualan;Kamera CCTV 4MP;Keamanan;Gudang Utama (Jakarta);;;18.782.000;31,57
BRG-0464;Barang Siap Dijual;2025-03-11 11.20.00;Gudang Utama (Jakarta);Kamera CCTV 4MP;Keamanan;Gudang Utama (Jakarta);;78;;
BRG-0465;Pesan Barang ke Pemasok;2025-12-29 22.00.00;CV Berkah Komputer;Mesin Kopi Otomatis;Peralatan Rumah Tangga;Gudang Cabang (Makassar);11.175.000;;;
BRG-0465;Terima Barang di Gudang;2026-01-06 23.00.00;Gudang Cabang (Makassar);Mesin Kopi Otomatis;Peralatan Rumah Tangga;Gudang Cabang (Makassar);;162;;
BRG-0465;Tetapkan Harga Jual;2026-01-08 17.00.00;Admin Penjualan;Mesin Kopi Otomatis;Peralatan Rumah Tangga;Gudang Cabang (Makassar);;;14.560.000;30,29
BRG-0465;Barang Siap Dijual;2026-01-09 05.00.00;Gudang Cabang (Makassar);Mesin Kopi Otomatis;Peralatan Rumah Tangga;Gudang Cabang (Makassar);;162;;
BRG-0466;Pesan Barang ke Pemasok;2025-03-17 22.40.00;CV Sentral Niaga;Kamera CCTV 4MP;Keamanan;Gudang Cabang (Makassar);3.700.000;;;
BRG-0466;Terima Barang di Gudang;2025-03-21 01.40.00;Gudang Cabang (Makassar);Kamera CCTV 4MP;Keamanan;Gudang Cabang (Makassar);;70;;
BRG-0466;Tetapkan Harga Jual;2025-03-21 21.40.00;Admin Penjualan;Kamera CCTV 4MP;Keamanan;Gudang Cabang (Makassar);;;4.179.000;12,94
BRG-0466;Barang Siap Dijual;2025-03-22 08.40.00;Gudang Cabang (Makassar);Kamera CCTV 4MP;Keamanan;Gudang Cabang (Makassar);;70;;
BRG-0467;Pesan Barang ke Pemasok;2025-04-24 04.30.00;CV Sentral Niaga;Mesin Kopi Otomatis;Peralatan Rumah Tangga;Gudang Cabang (Medan);11.400.000;;;
BRG-0467;Terima Barang di Gudang;2025-05-01 21.30.00;Gudang Cabang (Medan);Mesin Kopi Otomatis;Peralatan Rumah Tangga;Gudang Cabang (Medan);;115;;
BRG-0467;Tetapkan Harga Jual;2025-05-02 08.30.00;Admin Penjualan;Mesin Kopi Otomatis;Peralatan Rumah Tangga;Gudang Cabang (Medan);;;14.222.000;24,75
BRG-0467;Barang Siap Dijual;2025-05-02 13.30.00;Gudang Cabang (Medan);Mesin Kopi Otomatis;Peralatan Rumah Tangga;Gudang Cabang (Medan);;115;;
BRG-0468;Pesan Barang ke Pemasok;2025-10-18 10.20.00;CV Maju Bersama;Air Purifier;Peralatan Rumah Tangga;Gudang Cabang (Medan);10.050.000;;;
BRG-0468;Terima Barang di Gudang;2025-10-21 02.20.00;Gudang Cabang (Medan);Air Purifier;Peralatan Rumah Tangga;Gudang Cabang (Medan);;119;;
BRG-0468;Tetapkan Harga Jual;2025-10-22 12.20.00;Admin Penjualan;Air Purifier;Peralatan Rumah Tangga;Gudang Cabang (Medan);;;12.274.000;22,13
BRG-0468;Barang Siap Dijual;2025-10-22 19.20.00;Gudang Cabang (Medan);Air Purifier;Peralatan Rumah Tangga;Gudang Cabang (Medan);;119;;
BRG-0469;Pesan Barang ke Pemasok;2025-11-26 15.00.00;PT Sinar Teknologi;Air Purifier;Peralatan Rumah Tangga;Gudang Cabang (Makassar);13.350.000;;;
BRG-0469;Terima Barang di Gudang;2025-12-01 23.00.00;Gudang Cabang (Makassar);Air Purifier;Peralatan Rumah Tangga;Gudang Cabang (Makassar);;330;;
BRG-0469;Tetapkan Harga Jual;2025-12-02 10.00.00;Admin Penjualan;Air Purifier;Peralatan Rumah Tangga;Gudang Cabang (Makassar);;;14.851.000;11,24
BRG-0469;Barang Siap Dijual;2025-12-02 17.00.00;Gudang Cabang (Makassar);Air Purifier;Peralatan Rumah Tangga;Gudang Cabang (Makassar);;330;;
BRG-0470;Pesan Barang ke Pemasok;2025-02-18 12.20.00;CV Mitra Jaya;Monitor LED 24 Inch;Elektronik;Gudang Cabang (Surabaya);11.200.000;;;
BRG-0470;Terima Barang di Gudang;2025-02-23 03.20.00;Gudang Cabang (Surabaya);Monitor LED 24 Inch;Elektronik;Gudang Cabang (Surabaya);;244;;
BRG-0470;Tetapkan Harga Jual;2025-02-24 08.20.00;Admin Penjualan;Monitor LED 24 Inch;Elektronik;Gudang Cabang (Surabaya);;;14.177.000;26,58
BRG-0470;Barang Siap Dijual;2025-02-24 22.20.00;Gudang Cabang (Surabaya);Monitor LED 24 Inch;Elektronik;Gudang Cabang (Surabaya);;244;;
BRG-0471;Pesan Barang ke Pemasok;2025-11-19 20.20.00;PT Sinar Teknologi;Kulkas 2 Pintu;Peralatan Rumah Tangga;Gudang Cabang (Semarang);2.625.000;;;
BRG-0471;Terima Barang di Gudang;2025-11-25 13.20.00;Gudang Cabang (Semarang);Kulkas 2 Pintu;Peralatan Rumah Tangga;Gudang Cabang (Semarang);;346;;
BRG-0471;Tetapkan Harga Jual;2025-11-27 04.20.00;Admin Penjualan;Kulkas 2 Pintu;Peralatan Rumah Tangga;Gudang Cabang (Semarang);;;2.885.000;9,91
BRG-0471;Barang Siap Dijual;2025-11-27 15.20.00;Gudang Cabang (Semarang);Kulkas 2 Pintu;Peralatan Rumah Tangga;Gudang Cabang (Semarang);;346;;
BRG-0472;Pesan Barang ke Pemasok;2025-05-15 08.50.00;PT Global Persada;UPS 1200VA;Peralatan Listrik;Gudang Cabang (Medan);7.825.000;;;
BRG-0472;Terima Barang di Gudang;2025-05-16 09.50.00;Gudang Cabang (Medan);UPS 1200VA;Peralatan Listrik;Gudang Cabang (Medan);;329;;
BRG-0472;Tetapkan Harga Jual;2025-05-17 23.50.00;Admin Penjualan;UPS 1200VA;Peralatan Listrik;Gudang Cabang (Medan);;;8.888.000;13,59
BRG-0472;Barang Siap Dijual;2025-05-18 12.50.00;Gudang Cabang (Medan);UPS 1200VA;Peralatan Listrik;Gudang Cabang (Medan);;329;;
BRG-0473;Pesan Barang ke Pemasok;2025-01-04 07.10.00;CV Prima Elektronik;Power Bank 20000mAh;Aksesoris Elektronik;Gudang Cabang (Surabaya);7.475.000;;;
BRG-0473;Terima Barang di Gudang;2025-01-07 19.10.00;Gudang Cabang (Surabaya);Power Bank 20000mAh;Aksesoris Elektronik;Gudang Cabang (Surabaya);;92;;
BRG-0473;Tetapkan Harga Jual;2025-01-08 18.10.00;Admin Penjualan;Power Bank 20000mAh;Aksesoris Elektronik;Gudang Cabang (Surabaya);;;8.328.000;11,41
BRG-0473;Barang Siap Dijual;2025-01-09 11.10.00;Gudang Cabang (Surabaya);Power Bank 20000mAh;Aksesoris Elektronik;Gudang Cabang (Surabaya);;92;;
BRG-0474;Pesan Barang ke Pemasok;2025-02-17 18.40.00;CV Mitra Jaya;Switch 24 Port;Peralatan Jaringan;Gudang Cabang (Bandung);950.000;;;
BRG-0474;Terima Barang di Gudang;2025-02-22 07.40.00;Gudang Cabang (Bandung);Switch 24 Port;Peralatan Jaringan;Gudang Cabang (Bandung);;104;;
BRG-0474;Tetapkan Harga Jual;2025-02-23 22.40.00;Admin Penjualan;Switch 24 Port;Peralatan Jaringan;Gudang Cabang (Bandung);;;1.101.000;15,92
BRG-0474;Barang Siap Dijual;2025-02-24 04.40.00;Gudang Cabang (Bandung);Switch 24 Port;Peralatan Jaringan;Gudang Cabang (Bandung);;104;;
BRG-0475;Pesan Barang ke Pemasok;2025-12-01 16.50.00;PT Sinar Teknologi;Scanner Dokumen A4;Peralatan Kantor;Gudang Utama (Jakarta);2.475.000;;;
BRG-0475;Terima Barang di Gudang;2025-12-09 00.50.00;Gudang Utama (Jakarta);Scanner Dokumen A4;Peralatan Kantor;Gudang Utama (Jakarta);;114;;
BRG-0475;Tetapkan Harga Jual;2025-12-10 08.50.00;Admin Penjualan;Scanner Dokumen A4;Peralatan Kantor;Gudang Utama (Jakarta);;;2.998.000;21,14
BRG-0475;Barang Siap Dijual;2025-12-10 22.50.00;Gudang Utama (Jakarta);Scanner Dokumen A4;Peralatan Kantor;Gudang Utama (Jakarta);;114;;
BRG-0476;Pesan Barang ke Pemasok;2025-04-05 21.40.00;CV Maju Bersama;Switch 24 Port;Peralatan Jaringan;Gudang Cabang (Semarang);6.175.000;;;
BRG-0476;Terima Barang di Gudang;2025-04-08 13.40.00;Gudang Cabang (Semarang);Switch 24 Port;Peralatan Jaringan;Gudang Cabang (Semarang);;92;;
BRG-0476;Tetapkan Harga Jual;2025-04-10 11.40.00;Admin Penjualan;Switch 24 Port;Peralatan Jaringan;Gudang Cabang (Semarang);;;8.020.000;29,88
BRG-0476;Barang Siap Dijual;2025-04-10 16.40.00;Gudang Cabang (Semarang);Switch 24 Port;Peralatan Jaringan;Gudang Cabang (Semarang);;92;;
BRG-0477;Pesan Barang ke Pemasok;2025-01-26 14.00.00;PT Andalan Logistik;Mouse Wireless Pro;Aksesoris Komputer;Gudang Cabang (Bandung);10.075.000;;;
BRG-0477;Terima Barang di Gudang;2025-02-01 06.00.00;Gudang Cabang (Bandung);Mouse Wireless Pro;Aksesoris Komputer;Gudang Cabang (Bandung);;69;;
BRG-0477;Tetapkan Harga Jual;2025-02-02 15.00.00;Admin Penjualan;Mouse Wireless Pro;Aksesoris Komputer;Gudang Cabang (Bandung);;;13.184.000;30,86
BRG-0477;Barang Siap Dijual;2025-02-03 05.00.00;Gudang Cabang (Bandung);Mouse Wireless Pro;Aksesoris Komputer;Gudang Cabang (Bandung);;69;;
BRG-0478;Pesan Barang ke Pemasok;2025-08-13 17.00.00;CV Mitra Jaya;Smart TV 43 Inch;Elektronik;Gudang Cabang (Bandung);8.925.000;;;
BRG-0478;Terima Barang di Gudang;2025-08-19 20.00.00;Gudang Cabang (Bandung);Smart TV 43 Inch;Elektronik;Gudang Cabang (Bandung);;111;;
BRG-0478;Tetapkan Harga Jual;2025-08-21 20.00.00;Admin Penjualan;Smart TV 43 Inch;Elektronik;Gudang Cabang (Bandung);;;9.938.000;11,35
BRG-0478;Barang Siap Dijual;2025-08-22 07.00.00;Gudang Cabang (Bandung);Smart TV 43 Inch;Elektronik;Gudang Cabang (Bandung);;111;;
BRG-0479;Pesan Barang ke Pemasok;2025-08-17 20.00.00;CV Prima Elektronik;Mouse Wireless Pro;Aksesoris Komputer;Gudang Cabang (Surabaya);2.925.000;;;
BRG-0479;Terima Barang di Gudang;2025-08-21 00.00.00;Gudang Cabang (Surabaya);Mouse Wireless Pro;Aksesoris Komputer;Gudang Cabang (Surabaya);;253;;
BRG-0479;Tetapkan Harga Jual;2025-08-21 17.00.00;Admin Penjualan;Mouse Wireless Pro;Aksesoris Komputer;Gudang Cabang (Surabaya);;;3.318.000;13,44
BRG-0479;Barang Siap Dijual;2025-08-21 23.00.00;Gudang Cabang (Surabaya);Mouse Wireless Pro;Aksesoris Komputer;Gudang Cabang (Surabaya);;253;;
BRG-0480;Pesan Barang ke Pemasok;2025-04-28 11.30.00;CV Sentral Niaga;Laptop Gaming X15;Elektronik;Gudang Cabang (Surabaya);12.525.000;;;
BRG-0480;Terima Barang di Gudang;2025-05-06 02.30.00;Gudang Cabang (Surabaya);Laptop Gaming X15;Elektronik;Gudang Cabang (Surabaya);;38;;
BRG-0480;Tetapkan Harga Jual;2025-05-06 09.30.00;Admin Penjualan;Laptop Gaming X15;Elektronik;Gudang Cabang (Surabaya);;;16.182.000;29,20
BRG-0480;Barang Siap Dijual;2025-05-06 21.30.00;Gudang Cabang (Surabaya);Laptop Gaming X15;Elektronik;Gudang Cabang (Surabaya);;38;;
BRG-0481;Pesan Barang ke Pemasok;2025-08-01 03.50.00;CV Maju Bersama;Mouse Wireless Pro;Aksesoris Komputer;Gudang Cabang (Surabaya);3.000.000;;;
BRG-0481;Terima Barang di Gudang;2025-08-09 17.50.00;Gudang Cabang (Surabaya);Mouse Wireless Pro;Aksesoris Komputer;Gudang Cabang (Surabaya);;111;;
BRG-0481;Tetapkan Harga Jual;2025-08-11 10.50.00;Admin Penjualan;Mouse Wireless Pro;Aksesoris Komputer;Gudang Cabang (Surabaya);;;3.461.000;15,38
BRG-0481;Barang Siap Dijual;2025-08-11 14.50.00;Gudang Cabang (Surabaya);Mouse Wireless Pro;Aksesoris Komputer;Gudang Cabang (Surabaya);;111;;
BRG-0482;Pesan Barang ke Pemasok;2025-12-19 14.20.00;CV Berkah Komputer;Smartphone Pro;Elektronik;Gudang Cabang (Bandung);5.400.000;;;
BRG-0482;Terima Barang di Gudang;2025-12-27 00.20.00;Gudang Cabang (Bandung);Smartphone Pro;Elektronik;Gudang Cabang (Bandung);;36;;
BRG-0482;Tetapkan Harga Jual;2025-12-28 16.20.00;Admin Penjualan;Smartphone Pro;Elektronik;Gudang Cabang (Bandung);;;5.930.000;9,81
BRG-0482;Barang Siap Dijual;2025-12-29 05.20.00;Gudang Cabang (Bandung);Smartphone Pro;Elektronik;Gudang Cabang (Bandung);;36;;
BRG-0483;Pesan Barang ke Pemasok;2025-05-12 13.30.00;PT Andalan Logistik;Mesin Kopi Otomatis;Peralatan Rumah Tangga;Gudang Cabang (Medan);3.325.000;;;
BRG-0483;Terima Barang di Gudang;2025-05-19 20.30.00;Gudang Cabang (Medan);Mesin Kopi Otomatis;Peralatan Rumah Tangga;Gudang Cabang (Medan);;92;;
BRG-0483;Tetapkan Harga Jual;2025-05-21 00.30.00;Admin Penjualan;Mesin Kopi Otomatis;Peralatan Rumah Tangga;Gudang Cabang (Medan);;;3.725.000;12,04
BRG-0483;Barang Siap Dijual;2025-05-21 16.30.00;Gudang Cabang (Medan);Mesin Kopi Otomatis;Peralatan Rumah Tangga;Gudang Cabang (Medan);;92;;
BRG-0484;Pesan Barang ke Pemasok;2025-09-13 09.00.00;CV Prima Elektronik;Smartphone Pro;Elektronik;Gudang Cabang (Bandung);4.950.000;;;
BRG-0484;Terima Barang di Gudang;2025-09-16 17.00.00;Gudang Cabang (Bandung);Smartphone Pro;Elektronik;Gudang Cabang (Bandung);;205;;
BRG-0484;Tetapkan Harga Jual;2025-09-16 23.00.00;Admin Penjualan;Smartphone Pro;Elektronik;Gudang Cabang (Bandung);;;6.224.000;25,74
BRG-0484;Barang Siap Dijual;2025-09-17 09.00.00;Gudang Cabang (Bandung);Smartphone Pro;Elektronik;Gudang Cabang (Bandung);;205;;
BRG-0485;Pesan Barang ke Pemasok;2025-09-27 08.00.00;PT Andalan Logistik;Router AX3000;Peralatan Jaringan;Gudang Cabang (Makassar);4.975.000;;;
BRG-0485;Terima Barang di Gudang;2025-10-03 18.00.00;Gudang Cabang (Makassar);Router AX3000;Peralatan Jaringan;Gudang Cabang (Makassar);;192;;
BRG-0485;Tetapkan Harga Jual;2025-10-05 04.00.00;Admin Penjualan;Router AX3000;Peralatan Jaringan;Gudang Cabang (Makassar);;;6.312.000;26,88
BRG-0485;Barang Siap Dijual;2025-10-05 09.00.00;Gudang Cabang (Makassar);Router AX3000;Peralatan Jaringan;Gudang Cabang (Makassar);;192;;
BRG-0486;Pesan Barang ke Pemasok;2025-12-21 04.40.00;PT Sinar Teknologi;Router AX3000;Peralatan Jaringan;Gudang Cabang (Bandung);3.150.000;;;
BRG-0486;Terima Barang di Gudang;2025-12-24 15.40.00;Gudang Cabang (Bandung);Router AX3000;Peralatan Jaringan;Gudang Cabang (Bandung);;74;;
BRG-0486;Tetapkan Harga Jual;2025-12-24 18.40.00;Admin Penjualan;Router AX3000;Peralatan Jaringan;Gudang Cabang (Bandung);;;4.078.000;29,45
BRG-0486;Barang Siap Dijual;2025-12-24 23.40.00;Gudang Cabang (Bandung);Router AX3000;Peralatan Jaringan;Gudang Cabang (Bandung);;74;;
BRG-0487;Pesan Barang ke Pemasok;2025-06-09 12.40.00;CV Mitra Jaya;Speaker Bluetooth;Elektronik;Gudang Utama (Jakarta);10.800.000;;;
BRG-0487;Terima Barang di Gudang;2025-06-15 14.40.00;Gudang Utama (Jakarta);Speaker Bluetooth;Elektronik;Gudang Utama (Jakarta);;337;;
BRG-0487;Tetapkan Harga Jual;2025-06-16 08.40.00;Admin Penjualan;Speaker Bluetooth;Elektronik;Gudang Utama (Jakarta);;;12.939.000;19,81
BRG-0487;Barang Siap Dijual;2025-06-16 13.40.00;Gudang Utama (Jakarta);Speaker Bluetooth;Elektronik;Gudang Utama (Jakarta);;337;;
BRG-0488;Pesan Barang ke Pemasok;2025-01-04 16.20.00;PT Nusantara Digital;Monitor LED 24 Inch;Elektronik;Gudang Cabang (Bandung);1.650.000;;;
BRG-0488;Terima Barang di Gudang;2025-01-13 05.20.00;Gudang Cabang (Bandung);Monitor LED 24 Inch;Elektronik;Gudang Cabang (Bandung);;151;;
BRG-0488;Tetapkan Harga Jual;2025-01-13 17.20.00;Admin Penjualan;Monitor LED 24 Inch;Elektronik;Gudang Cabang (Bandung);;;2.011.000;21,89
BRG-0488;Barang Siap Dijual;2025-01-14 07.20.00;Gudang Cabang (Bandung);Monitor LED 24 Inch;Elektronik;Gudang Cabang (Bandung);;151;;
BRG-0489;Pesan Barang ke Pemasok;2025-05-25 19.20.00;PT Cipta Sarana;Tablet 10 Inch;Elektronik;Gudang Cabang (Medan);13.100.000;;;
BRG-0489;Terima Barang di Gudang;2025-06-01 06.20.00;Gudang Cabang (Medan);Tablet 10 Inch;Elektronik;Gudang Cabang (Medan);;128;;
BRG-0489;Tetapkan Harga Jual;2025-06-01 11.20.00;Admin Penjualan;Tablet 10 Inch;Elektronik;Gudang Cabang (Medan);;;15.255.000;16,45
BRG-0489;Barang Siap Dijual;2025-06-02 03.20.00;Gudang Cabang (Medan);Tablet 10 Inch;Elektronik;Gudang Cabang (Medan);;128;;
BRG-0490;Pesan Barang ke Pemasok;2025-02-13 21.20.00;PT Nusantara Digital;Printer LaserJet;Peralatan Kantor;Gudang Cabang (Makassar);11.050.000;;;
BRG-0490;Terima Barang di Gudang;2025-02-21 08.20.00;Gudang Cabang (Makassar);Printer LaserJet;Peralatan Kantor;Gudang Cabang (Makassar);;55;;
BRG-0490;Tetapkan Harga Jual;2025-02-22 15.20.00;Admin Penjualan;Printer LaserJet;Peralatan Kantor;Gudang Cabang (Makassar);;;13.978.000;26,50
BRG-0490;Barang Siap Dijual;2025-02-23 06.20.00;Gudang Cabang (Makassar);Printer LaserJet;Peralatan Kantor;Gudang Cabang (Makassar);;55;;
BRG-0491;Pesan Barang ke Pemasok;2025-11-06 19.10.00;PT Nusantara Digital;UPS 1200VA;Peralatan Listrik;Gudang Cabang (Makassar);13.525.000;;;
BRG-0491;Terima Barang di Gudang;2025-11-08 03.10.00;Gudang Cabang (Makassar);UPS 1200VA;Peralatan Listrik;Gudang Cabang (Makassar);;58;;
BRG-0491;Tetapkan Harga Jual;2025-11-09 03.10.00;Admin Penjualan;UPS 1200VA;Peralatan Listrik;Gudang Cabang (Makassar);;;15.895.000;17,52
BRG-0491;Barang Siap Dijual;2025-11-09 08.10.00;Gudang Cabang (Makassar);UPS 1200VA;Peralatan Listrik;Gudang Cabang (Makassar);;58;;
BRG-0492;Pesan Barang ke Pemasok;2025-12-14 17.50.00;PT Cipta Sarana;Mouse Wireless Pro;Aksesoris Komputer;Gudang Utama (Jakarta);6.100.000;;;
BRG-0492;Terima Barang di Gudang;2025-12-20 23.50.00;Gudang Utama (Jakarta);Mouse Wireless Pro;Aksesoris Komputer;Gudang Utama (Jakarta);;348;;
BRG-0492;Tetapkan Harga Jual;2025-12-22 01.50.00;Admin Penjualan;Mouse Wireless Pro;Aksesoris Komputer;Gudang Utama (Jakarta);;;7.973.000;30,70
BRG-0492;Barang Siap Dijual;2025-12-22 03.50.00;Gudang Utama (Jakarta);Mouse Wireless Pro;Aksesoris Komputer;Gudang Utama (Jakarta);;348;;
BRG-0493;Pesan Barang ke Pemasok;2025-02-16 05.20.00;CV Mitra Jaya;Router AX3000;Peralatan Jaringan;Gudang Cabang (Bandung);14.825.000;;;
BRG-0493;Terima Barang di Gudang;2025-02-19 23.20.00;Gudang Cabang (Bandung);Router AX3000;Peralatan Jaringan;Gudang Cabang (Bandung);;147;;
BRG-0493;Tetapkan Harga Jual;2025-02-20 14.20.00;Admin Penjualan;Router AX3000;Peralatan Jaringan;Gudang Cabang (Bandung);;;16.831.000;13,53
BRG-0493;Barang Siap Dijual;2025-02-20 19.20.00;Gudang Cabang (Bandung);Router AX3000;Peralatan Jaringan;Gudang Cabang (Bandung);;147;;
BRG-0494;Pesan Barang ke Pemasok;2025-03-02 18.00.00;CV Prima Elektronik;Router AX3000;Peralatan Jaringan;Gudang Cabang (Makassar);5.325.000;;;
BRG-0494;Terima Barang di Gudang;2025-03-07 02.00.00;Gudang Cabang (Makassar);Router AX3000;Peralatan Jaringan;Gudang Cabang (Makassar);;291;;
BRG-0494;Tetapkan Harga Jual;2025-03-08 07.00.00;Admin Penjualan;Router AX3000;Peralatan Jaringan;Gudang Cabang (Makassar);;;6.027.000;13,18
BRG-0494;Barang Siap Dijual;2025-03-08 21.00.00;Gudang Cabang (Makassar);Router AX3000;Peralatan Jaringan;Gudang Cabang (Makassar);;291;;
BRG-0495;Pesan Barang ke Pemasok;2025-11-21 17.10.00;PT Cipta Sarana;Speaker Bluetooth;Elektronik;Gudang Utama (Jakarta);2.975.000;;;
BRG-0495;Terima Barang di Gudang;2025-11-28 19.10.00;Gudang Utama (Jakarta);Speaker Bluetooth;Elektronik;Gudang Utama (Jakarta);;177;;
BRG-0495;Tetapkan Harga Jual;2025-11-29 18.10.00;Admin Penjualan;Speaker Bluetooth;Elektronik;Gudang Utama (Jakarta);;;3.221.000;8,27
BRG-0495;Barang Siap Dijual;2025-11-29 23.10.00;Gudang Utama (Jakarta);Speaker Bluetooth;Elektronik;Gudang Utama (Jakarta);;177;;
BRG-0496;Pesan Barang ke Pemasok;2025-09-02 17.10.00;PT Andalan Logistik;Kulkas 2 Pintu;Peralatan Rumah Tangga;Gudang Cabang (Surabaya);3.125.000;;;
BRG-0496;Terima Barang di Gudang;2025-09-09 02.10.00;Gudang Cabang (Surabaya);Kulkas 2 Pintu;Peralatan Rumah Tangga;Gudang Cabang (Surabaya);;279;;
BRG-0496;Tetapkan Harga Jual;2025-09-10 05.10.00;Admin Penjualan;Kulkas 2 Pintu;Peralatan Rumah Tangga;Gudang Cabang (Surabaya);;;3.724.000;19,17
BRG-0496;Barang Siap Dijual;2025-09-10 18.10.00;Gudang Cabang (Surabaya);Kulkas 2 Pintu;Peralatan Rumah Tangga;Gudang Cabang (Surabaya);;279;;
BRG-0497;Pesan Barang ke Pemasok;2025-09-21 00.20.00;CV Berkah Komputer;UPS 1200VA;Peralatan Listrik;Gudang Cabang (Semarang);1.650.000;;;
BRG-0497;Terima Barang di Gudang;2025-09-26 06.20.00;Gudang Cabang (Semarang);UPS 1200VA;Peralatan Listrik;Gudang Cabang (Semarang);;77;;
BRG-0497;Tetapkan Harga Jual;2025-09-27 21.20.00;Admin Penjualan;UPS 1200VA;Peralatan Listrik;Gudang Cabang (Semarang);;;1.814.000;9,96
BRG-0497;Barang Siap Dijual;2025-09-28 12.20.00;Gudang Cabang (Semarang);UPS 1200VA;Peralatan Listrik;Gudang Cabang (Semarang);;77;;
BRG-0498;Pesan Barang ke Pemasok;2025-05-04 12.40.00;PT Nusantara Digital;Mouse Wireless Pro;Aksesoris Komputer;Gudang Utama (Jakarta);7.475.000;;;
BRG-0498;Terima Barang di Gudang;2025-05-10 14.40.00;Gudang Utama (Jakarta);Mouse Wireless Pro;Aksesoris Komputer;Gudang Utama (Jakarta);;243;;
BRG-0498;Tetapkan Harga Jual;2025-05-12 05.40.00;Admin Penjualan;Mouse Wireless Pro;Aksesoris Komputer;Gudang Utama (Jakarta);;;9.783.000;30,87
BRG-0498;Barang Siap Dijual;2025-05-12 19.40.00;Gudang Utama (Jakarta);Mouse Wireless Pro;Aksesoris Komputer;Gudang Utama (Jakarta);;243;;
BRG-0499;Pesan Barang ke Pemasok;2025-04-04 18.30.00;PT Andalan Logistik;Air Purifier;Peralatan Rumah Tangga;Gudang Cabang (Bandung);13.525.000;;;
BRG-0499;Terima Barang di Gudang;2025-04-11 02.30.00;Gudang Cabang (Bandung);Air Purifier;Peralatan Rumah Tangga;Gudang Cabang (Bandung);;59;;
BRG-0499;Tetapkan Harga Jual;2025-04-12 04.30.00;Admin Penjualan;Air Purifier;Peralatan Rumah Tangga;Gudang Cabang (Bandung);;;15.040.000;11,20
BRG-0499;Barang Siap Dijual;2025-04-12 22.30.00;Gudang Cabang (Bandung);Air Purifier;Peralatan Rumah Tangga;Gudang Cabang (Bandung);;59;;
BRG-0500;Pesan Barang ke Pemasok;2025-07-20 08.10.00;PT Sinar Teknologi;Mouse Wireless Pro;Aksesoris Komputer;Gudang Cabang (Makassar);2.400.000;;;
BRG-0500;Terima Barang di Gudang;2025-07-24 23.10.00;Gudang Cabang (Makassar);Mouse Wireless Pro;Aksesoris Komputer;Gudang Cabang (Makassar);;216;;
BRG-0500;Tetapkan Harga Jual;2025-07-26 01.10.00;Admin Penjualan;Mouse Wireless Pro;Aksesoris Komputer;Gudang Cabang (Makassar);;;2.687.000;11,96
BRG-0500;Barang Siap Dijual;2025-07-26 08.10.00;Gudang Cabang (Makassar);Mouse Wireless Pro;Aksesoris Komputer;Gudang Cabang (Makassar);;216;;
